Text;Category
ФРГ намерена закупить сотни новых танков Leopard 2 для Бундесвера в рамках обязательств перед НАТО, сообщает Bild. ;Новости и политика
5-летний мальчик, раненный при атаке ВСУ на пляж в Курске, умер  Он скончался во время транспортировки в Москву, травмы оказались слишком тяжёлыми. У ребёнка было более 30% ожогов тела.   Малыш пытался закрыть собой маму, сообщают СМИ. ;Новости и политика
Крупнейший порт Европы готовится к войне с Россией — Financial Times Роттердам готовится к потенциальному конфликту с Россией: там резервируют места для судов, перевозящих военные грузы. А также планируют, куда их перенаправить в случае начала войны, говорится в статье. Гендиректор голландского порта заявил, что договаривается с соседним Антверпеном по поводу координации действий в случае прибытия транспортных средств и оснащения из Британии, США и Канады. ;Новости и политика
Путин подписал указ о создании до 30 июня 2026 года информационного ресурса «Цифровой профиль иностранного гражданина». Он необходим для обеспечения безопасности государства и совершенствования миграционной политики, говорится в документе. ;Новости и политика
Китайский автомобиль в России дорожает в 2,5 раза — больше миллиона рублей россияне переплачивают из-за пошлин, налогов и утильсбора.  ;Новости и политика
После прихода талибов к власти, площадь посева маковых полей сократилось в 14 раз — официальный представитель МИД РФ Захарова ;Новости и политика
В Россию завезут миллион рабочих из Индии, сообщил глава Уральской торгово-промышленной палаты Беседин. По его словам, уже достигнуты договорённости, в том числе с индийской стороной. «Достигнуты договорённости, в частности, с Индией. Насколько я слышал от своих индийских коллег, до конца года в Россию, в том числе и Свердловскую область, приедет 1 миллион специалистов из Индии», отметил Беседин.  ;Новости и политика
Мерц заявил, что дипломатические возможности для урегулирования войны в Украине «исчерпаны», — Reuters ;Новости и политика
В России готовят резкое повышение налога на старые автомобили — особенно для тех, что старше 15 лет. Ассоциация дилеров предлагает не только поднять ставки, но и обязать владельцев проходить техосмотр каждые полгода. Цель — заставить россиян быстрее менять машины.  ;Новости и политика
Сегодня ВС РФ запустили 728 Shahed-136, в том числе обманки, — ВВС Украины. И все сбили!  ;Новости и политика
CNN опубликовали аудио 2024 года, на котором Трамп угрожает разбомбить Москву и Пекин: Я сказал Путину: “Если ты войдёшь на Украину, я разбомблю к черту Москву. Говорю тебе — у меня не будет выбора.” А он такой: “Не верю тебе.” Сказал: “Ни за что.” А я ему: “Ещё как.” Он снова: “Не верю.” Но правда в том, что он поверил мне… ну, на 10%. Я ведь говорил вам — он поверил мне на 10%. Потом я встречался с Си из Китая. И сказал ему то же самое: “Если нападёте на Тайвань, я разбомблю к чёрту Пекин.” Он подумал, что я сошёл с ума. Спросил: “Пекин?” Я ответил: “У меня нет выбора, мне придётся вас бомбить. Мы разбомбим Пекин.” Он тоже не поверил — но процентов на 10 всё-таки поверил. А 10% — это всё, что нужно. Честно говоря, и 5% было бы достаточно»;Новости и политика
Силы ПВО уничтожили за ночь 86 украинских беспилотников над регионами России — Минобороны РФ ;Новости и политика
Трамп заявил, что «очень серьезно» рассматривает возможность наложить санкции против России: «Мы слышим много чуши от Владимира Путина. Это всегда звучит хорошо, но в итоге бессмысленно» При этом, американский лидер отметил, что изучает законопроект о санкциях против России, который внесен в Конгресс, но не собирается публично говорить о своих будущих действиях в отношении Москвы. ;Новости и политика
Президент Чехии Петр Павел заявил, что с Россией невозможно «воевать бесконечно» и допустил восстановление сотрудничества Он подчеркнул, что после окончания конфликта на Украине и достижения мирного соглашения Европа могла бы предпринять шаги и приступить к обсуждению с Россией вопросов безопасности, а также «сотрудничества и бизнеса, которые вели раньше»: Какие у нас альтернативы? И у нас, и у Украины. Воевать с Россией бесконечно? Такой подход, наверное, приведёт к большим человеческим потерям для всех нас и серьёзному ущербу для наших экономик. Мы хотим и должны с чего-то начать. Петр Павел также добавил, что идея компромисса с Россией воспринимается очень сложно, но при этом необходимо учитывать реальное положение дел и искать пути для будущего сотрудничества. ;Новости и политика
Мигранты в России стали насиловать на 22% чаще, — СК РФ.  Общее количество совершённых иностранцами преступлений за этот год выросло на 10%, а количество особо тяжких взлетело на 57%. Всего в текущем году нарушили уголовный закон России почти 12,5 тысяч иностранцев, говорится в сообщении ведомства. ;Новости и политика
США могут ввести новые санкции против РФ: Трамп заявил, что «получает много чуши от Путина» — по его словам, президент России ведёт себя любезно, но говорит лишь пустые и ничего не значащие слова. Сейчас Трамп «недоволен» и решает, как провести новые санкции через Конгресс.  ;Новости и политика
Молодым семьям с детьми будут компенсировать расходы на аренду жилья. Соответствующий законопроект уже готовят к внесению в Госдуму. Если в семье один ребёнок, вернут половину стоимости аренды. С двумя детьми — 70%, с тремя и более — всю сумму. По мнению депутатов, такая мера позволит семьям откладывать средства на покупку собственного жилья.  ;Новости и политика
Дональд Трамп заявил, что США вновь начнут поставлять оружие Украине: «Мы собираемся отправить ещё немного оружия, мы должны, они должны быть в состоянии защитить себя – сейчас по ним наносится очень сильный удар. Нам придётся отправить больше оружия, в первую очередь оборонительного, но по ним наносится очень сильный удар».;Новости и политика
Евросоюз готовится ввести против России самые жесткие санкции с 2022 года, заявил глава МИД Франции Жан-Ноэль Барро. Очередной пакет мер призван «истощить» ресурсы России и помешать ей вести военную операцию, добавил министр. Меры затронут нефтяные доходы, «финансовых игроков» из России и других стран. Санкции введут по предложению Парижа, отметил он, таким образом ЕС намерен побудить Москву согласиться на прекращение огня. ;Новости и политика
Последствия ударов по Киеву и области 23 июня и 4 июля: Киев: Завод «Антонов» (23 июня): — 5 попаданий по цехам. Одно из них (синяя рамка), скорее всего, является прилeтом ракеты.  Район аэропорта «Жуляны» (4 июля): — Уничтожены 3 производственных помещений и склад в промзоне  — Прилeт по одной из построек авиаремонтного завода №410.  — Уничтожено одно здание на территории аэропорта.  Киевская область: Вертолeтное КБ «Skyline» (23 июня): — 3 прилeта. Оба здания компании уничтожены. Стоит отметить, что одно из них было значительно расширено после начала СВО (зона расширения — жeлтая рамка).;Новости и политика
Мощные прилёты «Гераней» по инфраструктуре ВСУ Российские беспилотники «Герань-2» нанесли точные удары по важным военным объектам противника. В Запорожской области ликвидирован пункт временной дислокации иностранных наёмников в районе базы отдыха «Меридиан». В Сумской области, у Конотопа, поражены производственные мощности по сборке украинских БПЛА и компонентов к ним. ;Новости и политика
В России заявили об острейшем дефиците мигрантов Потребность России в мигрантах очень высока, а дефицит рабочих кадров достиг критической точки, заявил спецпредставитель президента РФ Борис Титов: Потребность России в мигрантах мы не преувеличиваем. Сегодня дефицит рабочих кадров достиг критической точки. Найти сотрудников стало крайне сложно, и эту проблему нельзя решить только за счёт роста производительности труда. Проблемы усугубляет высокая ключевая ставка ЦБ РФ, отметил политик, добавив, что в результате мы наблюдаем значительный рост цен, что подстёгивает инфляцию. ;Новости и политика
Израиль скрыл информацию о попадании Ирана по пяти военным объектам, включая крупную авиабазу, сообщила газета The Daily Telegraph. В общей сложности во время 12-дневного конфликта Иран нанес удары по более чем 40 объектам инфраструктуры Израиля. ;Новости и политика
Запорожская АЭС полностью отключена от внешнего энергоснабжения Питание переведено на дизель-генераторы, сообщили на станции.  Это произошло из-за отключения высоковольтной линии 750 кВ «Днепровская». Причина неизвестна. ;Новости и политика
Напавшие на патруль ДПС боевики были вооружены ножами. По словам источников в результате нападения пострадал 27-летний Азнаур С. Сейчас он находится в реанимации в тяжелом состоянии.  Один из преступников был ликвидирован. Второго нападавшего ищут. В городе введен план «Перехват». ;Новости и политика
"«Будет и по 1000 ""Шахедов в сутки, и больше. Я никого не пугаю - это разведданные», — ""Мадяр"" ";Новости и политика
СМИ сообщают о перестрелке в Нальчике в Кабардино-Балкарии.  Сообщается, что сейчас на место стягивают экстренные службы. По предварительным данным, в ходе стрельбы может быть ранен сотрудник полиции. ;Новости и политика
Киев заволокло густым дымом после ночной массированной атаки на объекты  Неба практически не видно. Улицы покрыты гарью и сажей, словно на кадрах из видеоигры. Целями были предприятия по производству дронов и роботизированных мобильных комплексов, инфраструктура военного аэродрома и НПЗ. Все объекты поражены. ;Новости и политика
Китай не может допустить поражения России в украинском конфликте, поскольку это позволит США переключить внимание на Азию, об этом глава МИД КНР Ван И заявил на закрытой встрече с главой дипломатии ЕС Каей Каллас, сообщает South China Morning Post со ссылкой на источники.  По данным издания, Ван И пояснил, что затягивание конфликта выгодно Пекину: пока США сфокусированы на Украине, Китай получает стратегическое окно. При этом министр отверг обвинения в военной или финансовой помощи, заявив: «Если бы такая помощь оказывалась, конфликт прекратился бы раньше». Европейских чиновников поразила его откровенность, пишет газета. ;Новости и политика
"Расчёт самоходной 152-мм артустановки ""Мста-С"" из состава ЦВО ведёт огонь по позициям противника на одном из участков фронта.";Новости и политика
Сумское направление. Уничтожение танка Т-64БВ, БРЭМ и пехоты ВСУ в ходе отражения попытки вражеской атаки в сторону посёлка Новый Путь в Курской области.;Новости и политика
 Воздушный бой принял другой облик! Leleka, FlyEye, Shark, Фурии, различные VTOL и другие представители «автопарка» разведывательных БПЛА противника буквально сыпятся с небес после встречи с нашими расчётами FPV-ПВО.  И не стоит относиться к этому, мол, «сбили очередной самолётик». Подобными действиями наносится хороший удар по экономической и разведывательной составляющей подразделений противника.  Каждое сбитое «крыло» противника - это не прилетевший Himars, успешно проведённая ротация, выполненный подвоз, не раскрытие с последующим огневым поражением позиций наших войск и огромный список иных различных мероприятий.  Данный метод также необходимо использовать на всех участках фронта и для обеспечения безопасности в глубоком тылу.;Новости и политика
Кадры прилётов по объекту в Луцке сегодня ночью. Рекомендую смотреть до конца, там самое интересное.;Новости и политика
Карта пожаров показывает, что этой ночью сильно досталось аэродрому Озёрное и близлежащей инфраструктуре под Житомиром.;Новости и политика
Противник заявляет, что этой ночью по целям на территории 404 было выпущено суммарно 728 дальнобойных БПЛА-камикадзе («Герань-2» и прочие), 7 крылатых ракет (Х-101 и «Искандер-К») и 6 гиперзвуковых ракет «Кинжал».;Новости и политика
"Х-101 повернули на Луцк, туда также направляются несколько ""Гераней"".";Новости и политика
"Четыре крылатые ракеты Х-101 запущенные с борта Ту-95МС держат курс на Староконстантинов, куда пять часов назад был нанесён удар ""Кинжалами"".";Новости и политика
"Противник сообщает, что с 4 бортов МиГ-31И запущены 4 ракеты ""Кинжал"" по направлению на Староконстантинов. Три дня назад по аэродрому также наносился удар ""Кинжалами"" Над Киевом слышали отголоски ударной волны вследствие пролёта ракет.";Новости и политика
На судостроительном заводе «Янтарь» в Калининграде состоялась торжественная церемония закладки большого десантного корабля «Сергей Кабанов» модернизированного проекта 11711.  Корабль назван в честь генерал-лейтенанта Сергея Кабанова, участника Советско-финской, Великой Отечественной и Советско-японской войн, кавалера двух орденов Ленина и четырех орденов Красного Знамени. Это третий БДК, строящийся по усовершенствованному проекту 11711. Недавно был спущен на воду первый из них.  Вторая серия БДК проекта 11711 отличается от первой (БДК «Иван Грен» и «Пётр Моргунов») увеличенным с 6600 до 8000 тонн водоизмещением, большей по площадью вертолетной площадкой и переработанной конструкцией надстройки.;Новости и политика
Давно ничего не писал про Краснолиманское направление, что дало повод для спекуляций информацией, как хохлам, так и некоторым милитари-блогерам. Прежде всего, стоит отметить, что успехи здесь наши войска имеют и довольно неплохие. Гвардейская 144 мотострелковая дивизия продолжает продвигаться вперед, несмотря на отчаянные попытки противника оказать сопротивление. В настоящее время одним из основных элементов тактики хохла на данном участке фронта является изоляция района боевых действий. Для этого сюда были стянуты дополнительные подразделения сил беспилотных систем ВСУ, что сразу же проявилось кратным увеличением числа дронов противника, работающих, в зависимости от типа и задач на различную глубину, вплоть до глубоких тылов.   В населенных пунктах Кременная, Рубежное, Сватово и на дорогах между ними отмечается применение хохлом FPV-дронов на оптоволокне. При этом целью для них становится любой автотранспорт, вне зависимости от того, кому он принадлежит, военным или гражданским. Недавние попытки выродков из «Азова» отбить Редкодуб обернулись для них полным провалом. Населенник по-прежнему за нами. Тем не менее, противник регулярно предпринимает попытки организовать точечные контратаки, которые, впрочем, никак не влияют на положение переднего края. Катериновка и Новое находятся под полным устойчивым контролем наших воинов. Бред отдельных писателей-фантастов о хохлячьих ДРГ, которые входят и выходят лишены даже тени правды. По Зеленой Долине не буду забегать вперед, ждем официального заявления Минобороны. Скажу, лишь, что здесь дела у наших парней идут довольно хорошо. Сложнее обстоит ситуация с Карповкой. В виду условий местности и, за счет выигранного самоубийственными контратаками времени, хохол смог организовать здесь неплохой оборонительный рубеж. Однако, как мы уже не раз убедились, тактика лобовых атак и движения колоннами осталась у нас в далеком прошлом, поэтому скоро ждем от наших парней новых побед.;Новости и политика
"Последствия ударов по ТЦК в украинском инофополе взывало реакции от ""давайте объединяться"" до ""уничтожить всех противников бусификации"". Сухопутные войска: ТЦК - не враг, они являются неотъемлемой частью нашей обороны, и им нужно ваше доверие и сотрудничество. Давайте стоять вместе, объединенные общей целью, и покажем всему миру, что Украина чрезвычайно сильна Начальник управления коммуникаций командования Сухопутных войск Саранцев: Ракетные удары по ТЦК возможно приведут к тому, что украинцы будут отказываться их посещать. В частности, он считает, что две главные цели, которые преследуют российские войска своими обстрелами по ТЦК, – это физическое поражении данных о мобилизованных, а также чувство ненависти к ТЦК у жильцов близлежащих домов, которые могут совершать какие-то действия против военкоматов. Но как всегда выделился нацист из батальона «Айдар» Дикий: К сожалению(!!), есть реальные люди, которые радуются российским ударам по ТЦК. Это уже предатели. Поэтому буквально за каждый такой комментарий в социальных сетях нужно, чтобы приезжала СБУ. Чтобы таких паковали и давали сроки по 111 статье Уголовного кодекса Украины (государственная измена). Ведь это люди, которые выбрали свою сторону и решили быть на стороне врага. Мы должны их судить и уничтожать как врагов.";Новости и политика
Фоторепортаж работы расчёта разведывательного БПЛА «Орлан-10» ЦВО в зоне проведения Специальной Военной Операции.;Новости и политика
Операторы FPV-дронов 174 ОРБ в районе н.п. Октябрьское уничтожили шведский гусеничный БТР Pbv 302 ВСУ с мангалом.;Новости и политика
"В прошлое воскресенье мы опубликовали небольшой обзор того, какую военную помощь Германия достоверно поставила или обещала поставить Украине с тех пор, как германское правительство перестало публиковать полноценные отчеты. И буквально в этот же день немецкий таблоид Bild опубликовал ""секретный список"" военной помощи, которую украинское правительство запросило у Берлина. Зеленский хочет получить дополнительные средства ПВО, бронетехнику и средства РЭБ. ПВО: 4 комплекта ЗРК IRIS-T SLM, 1500 ракет для IRIS-T SLM, 500 ракет для IRIS-T SLS и 200 000 40-мм зенитных снарядов. Бронетехника: 1000 минозащищенных транспортных средств, 200 единиц гусеничной техники, 30 бронированных машин разминирования и 20-30 бронированных инженерных машин WiSENT. Киев также запросил 200 внедорожников для перевозки спецназа. РЭБ: 1000 глушителей GPS для защиты от вражеских дронов и 200 наземных радиолокационных станций наблюдения. P.S. По состоянию на май 2025 года на Украину было поставлено 658+ ракет IRIS-T/IRIS-T SL. Таким образом, речь идет о поставке чуть более чем в три раза большего количества ракет, чем было поставлено за три года в рамках одного контракта.";Новости и политика
Показываем небольшую нарезку работы одной из мобильных огневых групп. Ежедневно на переднем крае и в глубоком тылу эти парни трудятся, защищая наше небо от всякой нечисти.  Один сбитый беспилотник = спасённая жизнь или объект + спокойная жизнь гражданского населения.  Данный опыт «ещё вчера» необходимо было преумножить и распространить во все регионы, подвергшиеся атакам вражеских БПЛА, а также для защиты различных организаций, военных и промышленных объектов.;Новости и политика
Харьковское направление. Вражеский HMMWV куда-то вёз пушку, но был перехвачен дроноводами группировки войск «Север».;Новости и политика
Докладывает Следственный Комитет:  ?? Возбуждено уголовное дело в отношении бывшего первого заместителя Директора Росгвардии генерал-полковника Виктора Стригунова по статьям о злоупотреблении должностными полномочиями и получение взяток в особо крупном размере. Он задержан в Москве и заключен под стражу. В сентябре 2014 года между МВД России и ООО «СУ Ремстройторг» заключен многомиллионный госконтракт на строительство учебного центра в Кемеровской области. Контроль за исполнением контракта возлагался на Стригунова. По данным следствия, в 2014 году Стригунов, располагая информацией о наличии ограничений использования учебного центра ввиду несоответствия площади отведенного земельного участка и незначительного удаления от аэропорта, дал указание подчиненным должностным лицам организовать его строительство. В результате преступления условия контракта выполнены не были, учебный центр в эксплуатацию не введен, что повлекло причинение имущественного вреда государству на общую сумму свыше 2 миллиардов рублей. Кроме того, в 2012–2014 годах Стригунов получил от представителей коммерческих организаций взятки в сумме свыше 66 миллионов рублей за общее покровительство при выполнении многомиллионных государственных контрактов на выполнение строительных работ.;Новости и политика
Мощный взрыв от прилёта ракеты Х-39 ЛМУР вертолётного базирования по постройке в которой сидели вражеские операторы БпЛА. Село Тягинка что напротив Крынок, Херсонская область. Напомним, что ракета прошла модернизацию после которой дальность применения шагнула далеко за 20 км от изначальных 14 км (что тоже было не мало).;Новости и политика
В объектив разведывательного беспилотника группировки войск «Центр» попал момент прилёта мощных авиабомб по местам дислокации личного состава ВСУ в Красноармейске. Расчёты разведывательных беспилотников алейского мотострелкового соединения группировки войск «Центр» зафиксировали точные попадания авиационных бомб по местам дислокации подразделений ВСУ в Красноармейске.  Кадры с БПЛА демонстрируют момент прилета боеприпасов, полностью уничтоживших район размещения личного состава ВСУ в городской постройке. Удары были нанесены после тщательной разведки и выявления скоплений живой силы и техники противника. Боеприпасы «легли» непосредственно в районе сосредоточения сил противника.  Это стало возможным благодаря слаженной работе разведывательных подразделений и авиации, использующих современные средства наведения. Такие точечные удары существенно снижают боеспособность украинских подразделений в районе Красноармейска.;Новости и политика
"Статистика июня 2025 года по запускам - самые массовые ракетно-дроновые удары по объектам на территории Украины за все время конфликта. Противник снова публикует данные о применении ВС РФ дронов-камикадзе и ракет различного типа по целям на территории Украины за июнь 2025 года.  ??Запуски дронов ""Герань-2"" и их обманок в июне установил новый абсолютный рекорд на отметке в 5414 единиц. Предыдущий рекорд был в марте и составил 4196 дронов.  Ночь на 9 июня установила новый суточный рекорд в 479 запущенных беспилотников, по сравнению с 355 в ночь на 26 мая. Впрочем, июньский рекорд тоже уже оказался побит, но это тема для будущей публикации.  ??По сравнению с предыдущими месяцами, июнь принес на Украину сразу 5 ракетных ударов (6, 9, 17, 23 и 29 числа), 3 из которых были массированными. Всего за месяц были применены 253 различные ракеты (по сравнению со 129 в мае).  Также по отдельным целям наносились периодическое удары баллистическими ракетами 9М723 и KN-23, помимо которых активнее стала применяться крылатая ракета ""Искандер-К"". ??В июне было применено чуть более 20 000 FPV-дронов, что становится уже стабильным средним показателем при около 5000 запущенных FPV-дронов в неделю. Несмотря на то, что противник ожидал резкого скачка запускаемых FPV-дронов с началом летнего наступления, его ожидания в этой стези не оправдались. ??Как и в случае с FPV, ""Ланцеты"" находились на своих среднемесячных показателях в 230 запущенных единиц, а вот ""Молнии-2"" наоборот просели до 400 за месяц, по сравнению с рекордным маем на 650 запусков и 600 в апреле.  Как и предполагалось в прошлом подсчете, июнь оказался крайне тяжелым для тыловой зоны ВСУ в связи с рекордными показателям запусков дальнобойных дронов-камикадзе и ракет. Но при этом не случилось резкого скачка в запуске FPV-дронов. ""Ланцетов"" и ""Молний"", что ожидалось в связи с началом активных наступательных действий ВС РФ.  Тем не менее, пока тенденция наращивания применения ""Гераней"" очевидна, плюс ко всему добавилось их очень активное применение по прифронтовой зоне (1, 2, 3, 4, 5, 6, 7) в связи с появлением новой модификации, что не сулит для Украины ничего хорошего в текущем июле. Военный Осведомитель";Новости и политика
Сообщают что на ТЭЦ-6 в Киеве прогремел взрыв, после чего несколько районов города остались без света. Прилётов не было.;Новости и политика
"Минус ""три топора"" у противника.  ВСУ лишились ещё одной американской гаубицы М777. Расчеты БПЛА 18-й общевойсковой армии группировки войск ""Днепр"" красиво отработали на правом берегу Днепра в Херсонской области. Грузовик противника, буксировавший 155-мм гаубицу, был обнаружен при очередном облёте оккупированного украинскими формированиями  Правобережья. Действовали наши бойцы быстро. В результате нескольких точных сбросов осколочно-фугасных боеприпасов с квадрокоптера грузовик противника был обездвижен и подожжен. Затем, ударами FPV-дронов на оптоволокне было разбито и само вражеское орудие.  ";Новости и политика
Небольшой обзор того, какую военную помощь Германия достоверно поставила или обещала поставить Украине с тех пор, как в мае 2025 года германским правительством было принято решение о запрете размещения в открытом доступе сведения о поставках военной или иной помощи. ЗРК IRIS-T SLM - 5 комплектов совокупно получит украинская сторона и 10 пусковых установок IRIS-T SLS в дополнение к ним. Также обещаны ракеты как к немецким ЗРК, так и к ЗРК Patriot. Будут поставлены БПЛА различных типов, стрелковое оружие, боеприпасы, грузовики и внедорожники. Отдельно укажем, что замечена поставка дополнительных 18 ЗСУ Cheetah (вариант ЗСУ Gepard). Еще раз отметим, что здесь указаны лишь те поставки, следы которых отметились в информационном поле.;Новости и политика
Погибшему заместителю главкома ВМФ и бывшему командиру 155-й отдельной гвардейской бригады морской пехоты генерал-майору Михаилу Гудкову посмертно присвоено звание дважды Героя России. Это первый в истории современной России случай присвоения звания дважды Героя России. Ранее две «Золотые Звезды» были только у людей, награждённых званиями Героя СССР и Героя России одновременно.  Кроме того, его имя присвоено 155-й обрмп. Теперь её полное название — 155-я отдельная гвардейская Курская орденов Жукова и Суворова бригада морской пехоты имени дважды Героя России генерал-майора М.Е. Гудкова.;Новости и политика
Изнанка публикует кадры уничтожения авиаударом ВКС с применением трёх бомб ФАБ-500 с УМПК моста через реку Волчья в селе Андреевка-Клевцово на границе ДНР и Днепропетровской области.;Новости и политика
"Операторы из состава 6й армии уничтожают fpv-дронами всушную 122-мм САУ 2С1 ""Гвоздика"" в районе села Кучеровка восточнее Купянска. Позже, ночью приезжает БРЭМ для эвакуации САУ чтобы в последующем рембат разобрал её на запчасти. Но дроноводы их ждали. БРЭМ уничтожена.";Новости и политика
С чувством глубочайшего удовлетворения смотрю на то, как мы в последнее время планируем и наносим огневое поражение дронами, ракетами и авиацией противнику.  Очень долгое время и я про это неоднократно писал, ОП выглядело спонтанным ( пресловутые удары возмездия), а это несмотря на красивые картинки в Тв и Тг, не наносило противнику должного урона. Сейчас мы можем наблюдать, что огневое поражение превратилось в очень продуманную систему, в ту самую рутинную боевую работу,которая приносит победу над врагом, лишая его потенциала и воли к сопротивлению.  Необходимо отметить, что наши средства поражения стали лучше, за что спасибо военпрому, а ПВО противника слабее, за что спасибо нашей армии и военной промышленности украинских союзников, которая в данный момент не может адаптироваться к столь массовым и грамотно продуманным ракетно-дроновым ударам.  От сложного к простому, от высшего к низшему, то есть от больших и сложных целей, до ударов по небольшим складам и производствам. Постоянно, без перерывов на сон и отдых, днем и ночью, наши дроны, ракеты и авиабомбы, выносят промышленный и военный потенциал врага. Дальше для хохла будет только хуже и это хорошо.;Новости и политика
Дроны атаковали аэродром Староконстантинов в Хмельницкой области. Взрывы также прогремели в Ровно, в Винницкой, и Житомирской областях.;Новости и политика
Путин подписал указ о создании до 30 июня 2026 года информационного ресурса «Цифровой профиль иностранного гражданина». Он необходим для обеспечения безопасности государства и совершенствования миграционной политики, говорится в документе.;Новости и политика
О признаках товарного кенселинга со стороны РФ заявил глава Ассоциации производителей и поставщиков фруктов и овощей Азербайджана.;Новости и политика
"СБУ задержали двух китайцев и обвинили их шпионаже. Они якобы хотели похитить секретные технологии украинских ракет ""Нептун"". Шпионами оказались граждане КНР: сын - 24-летний экс-студент одного из Киевских вузов и его отец. Последний проживал в КНР, но наведывался в Украину, чтобы координировать агентурную работу сына. Китайцы пытались получить техдокументацию по производству ""Нептуна"". Сын пытался завербовать украинца, который имеет отношение к разработкам новейших вооружений Сил обороны. Полученную же информацию спецслужбам КНР собирался передать отец. СБУ разоблачила шпионов на начальном этапе и задержала во время передачи секретных документов. Обоим грозит до 15 лет лишения свободы с конфискацией имущества. Даже интересно, как на это отреагирует Китай. Историю с Мотор Сич в свое время они проглотили, когда хохлы их на несколько миллиардов долларов кинули.";Новости и политика
Выдворение иностранцев за мат, приставания, оскорбления и другое мелкое хулиганство — новая инициатива в Думе. Законопроект, в рамках которого предлагается увеличить штрафы для иностранных граждан за мелкое хулиганство, будет внесен в нижнюю палату парламента. Согласно проекту, в случае его принятия штраф за использование «русского мата» иностранным гражданином в общественном месте будет увеличен с 1 тысячи рублей до 5-10 тысяч рублей. При этом если иностранец оказал сопротивление при аресте, то его смогут оштрафовать на 25 тысяч рублей. Сейчас размер санкции составляет 2,5 тысячи рублей. В случае систематических нарушений мигрантов предлагается выдворять из России, следует из документа.;Новости и политика
"Власти Таджикистана потребовали от афганских беженцев покинуть страну за 15 дней — иначе их ожидает арест и принудительная депортация, пишут местные СМИ. Как-то совсем нетолерантно действуют в Таджикистане. Это же даже не ""трудовые"" мигранты, которые оккупируют эту страну и садятся на ее социалку - это просто несчастные люди, которые бегут от последствий войны.  Разве можно так поступать с ними? Тем более, что бегут в Таджикистан в основном этнические таджики, с которыми у таджикских таджиков буквально один плов одна история на двоих. Причем это вообще уже не первый подобный случай, потому как даже в течение текущего года было несколько случаев депортаций десятков и сотен афганских беженцев из этой страны. Например: В апреле Центр молодых журналистов Афганистана сообщил, что Таджикистан депортировал почти 50 афганских беженцев с территории страны в Афганистан. Тогда сообщалось, что эти лица, проживавшие в городе Вахдат, имели все документы беженцев, выданные Управлением Верховного комиссара ООН по делам беженцев. Большинство из них работали таксистами в городе Вахдате. Короче, крайне нетолерантно наши друзья по ОДКБ себя ведут. Но при этом постоянно возмущаются якобы повсеместным нарушением прав и свобод своих граждан на территории России.";Новости и политика
Трамп: Я недоволен Путиным. Хорошо. Есть вопросы? Репортер: Вы только что сказали, что недовольны Путиным. Планируете что-нибудь сделать? Трамп: Я бы вам не сказал. Разве мы не хотим сделать небольшой сюрприз? Ну, ждем. Интересно даже, какой там сюрприз: санкции или поставки оружия хохлам?;Новости и политика
"Новая актуальная статистика по детям мигрантов в наших школах: Большую часть детей мигрантов не допускают к тестированию по русскому из-за неполного пакета документов — глава Рособрнадзора Анзор Музаев.  За первые два месяца действия новых норм в школы России приняли лишь 4% желающих обучаться.  ""Если дети и их родители решили всё-таки продолжить, и не бросать попытку попасть в наши школы – желание тоже приветствуется. Они должны привести в соответствие все свои документы"".  Ещё 80% допущенных к тесту детей просто не сдали экзамен. На переподготовку и пересдачу у них есть три месяца.  ";Новости и политика
"В Абхазии российских туристов назвали ""угрозой нацбезопасности"" Директор Фонда кино республики Александр Басария заявил, что россияне, приезжающие в Абхазию по дешёвым путёвкам, представляют ""угрозу национальной и экономической безопасности"", так как не тратят деньги на экскурсии, вечеринки, рестораны, предпочитая ""жить в своих маленьких анклавах"". Басария также призвал местных отельеров прекратить сотрудничество с российскими туроператорами, назвав их ""олигархическими"". Ранее в Министерстве туризма республики заявили, что им не нужны бедные ""трехсотрублевые"" туристы.  При этом бесплатную электроэнергию из России они угрозой нацбезопасности почему-то не считают.";Новости и политика
В Киргизии снесли памятник Семенову-Тянь-Шанскому. Памятник Петру Петровичу Семенову-Тян-Шанскому установлен в Балыкчы в 1982 году, в честь 155-летия со дня рождения ученого. Памятник изображает Семенова-Тян-Шанского в образе молодого исследователя, идущего по горной тропе с конем. Не до конца понятно, что побудило дорогого союзника по ОДКБ и партнера по ЕАЭС пойти на этот шаг: общая тенденция по тотальной дерусификации края или же продолжающаяся месть за московскую баню.;Новости и политика
Украина восстанавливает позиции и продолжает удерживать Курщину и Белгородщину, — Сырский;Новости и политика
Бывшему заместителю министра обороны Павлу Попову, который еще отказывался отвечать журналистам, почему он такой грустный, помимо мошенничества вменяют превышение полномочий, незаконный оборот оружия и служебный подлог, сообщили в СК. Напомню, что в подчинении Попова находились такие структуры Минобороны как: — Главное управление научно-исследовательской деятельности и технологического сопровождения передовых технологий (инновационных исследований), — Главное управление развития информационных и телекоммуникационных технологий, — Главный научно-исследовательский испытательный центр робототехники МО.;Новости и политика
WSJ: Трамп пообещал Зеленскому, что США предоставят столько военной помощи, сколько смогут. Во время недавнего разговора с президентом Украины Трамп заявил, что не отдавал приказ о приостановке поставок и поручил лишь проверить запасы боеприпасов после удара по Ирану, пишет издание. В то же время в Пентагоне заявили об отправке дополнительного вооружения на Украину: «По указанию президента Трампа Министерство обороны направляет на Украину дополнительное оборонительное вооружение, чтобы украинцы могли защищаться, пока мы работаем над обеспечением прочного мира и прекращением убийств», - говорится в заявлении спикера Пентагона. Ну а так, конечно, к миру идем, к заморозке.;Новости и политика
Я помню ещё где-то видос есть, по Новороссия ТВ крутили вроде или у Дубового было, съемки с полигона, отрабатывали предстоящий наступательный манёвр в поле, так там видно как пехоту цепляет и волочет вслед за движущимися боевыми машинами, я в числе той пехоты волочился. На мой взгляд, решение удачное, несмотря на то, что в текущих условиях ведения боевых действий, техника актуальна для логистической работы на 3 линии и то с рисками. Ближе пожгут. У врага ситуация не лучше, они чубы проветривают на электросамокатах вплоть до населенных мирняком тылов.;Новости и политика
Люди, которые хихикают про неудобность захода в десант у этого русофободава, вы когда-нибудь были в десанте БМП, а БМД? Вы угараете?;Новости и политика
Удары по ТЦК приведут к тому, что украинцы будут отказываться их посещать, — начальник управления коммуникаций командования Сухопутных войск Украины. Так они и сейчас их посещают не по свой воле. Не понимаю, кому это информационное хрючево предназначается, если даже хохлы его уже не жрут.;Новости и политика
Военный суд приговорил экс-замглавы Генштаба ВС РФ Арсланова к 17 годам колонии за взятку и мошенничество — ТАСС. Следствие считает, что обвиняемые вместе с неустановленными лицами заключали госконтракты с компанией «Воентелеком» на поставку спутникового оборудования и центров мониторинга по завышенной стоимости, похитив при этом 1,6 млрд рублей. Всего же причастен к хищению 6.7 млрд рублей. Кроме того, Арсланов подозревается в махинациях при поставках радиостанций Р-187-П1 «Азарт» в ВС России.;Новости и политика
Еще одна потеря в Минтрансе: умер замначальника отдела управления имуществом агентства железнодорожного транспорта.  Прямо во время совещания резко встал, после чего упал на пол и умер.;Новости и политика
Официальное заявление СК по Старовойту: Следствие устанавливает обстоятельства смерти Романа Старовойта. Сегодня в Одинцовском городском округе в личном автомобиле обнаружено тело бывшего министра транспорта Российской Федерации Романа Владимировича Старовойта с огнестрельным ранением.  Следственные органы ГСУ СК России по Московской области работают на месте, устанавливаются обстоятельства произошедшего. Основная версия – самоубийство.;Новости и политика
Арестован экс-замглавы Росгвардии Стригунов. Он отправлен в СИЗО.  Злоупотребил полномочиями при строительстве полигона в Сибирском округе, сообщает Росгвардия.;Новости и политика
Застрелился Роман Старовойт, которого сегодня утром отправили в отставку с поста министра транспорта. Ну а до мая 2024 года он занимал должность главы Курской области. Вполне вероятно, что он мог стать фигурантом уголовного дела по растрате средств, выделенных на строительство оборонительных сооружений.;Новости и политика
Новые удары по мобилизационной инфраструктуре врага. Теперь разнесли областные ТЦК в Харькове и Запорожье. Ранее аналогично отработали по ТЦК в Кременчуге, Кривом Роге и Полтаве. Делать это следовало бы уже давно, но лучше поздно, чем никогда.;Новости и политика
Винницкий ТЦК сообщил, что «приостанавливает свою деятельность» по основному адресу «в связи с напряженной ситуацией в стране и с целью обеспечения безопасности жизни и здоровья граждан». Это, разумеется, не означает остановки работы винницкого ТЦК. Все то, что ранее осуществлялось в одном здании будет разделено по новым адресам, что определенно точно усложнит мобилизационную инфраструктуру, особенно, если такая мера будет вводиться в масштабах всей страны. К тому же, никто не мешает ВС РФ выносить и новые адреса - местные жители уже любезно предоставляют координаты прямо в комментариях.;Новости и политика
Тихановский: Не боюсь обосраться. Если у меня что-то не получится, это же не получится у белорусов Не понимаю, почему Лукашенко так долго это существо в застенках держал. Уже давно отдать следовало бы, потому что ему просто надо дать говорить, чтобы окончательно дискредитировать и без того помойную змагарскую оппозицию.;Новости и политика
"Откровения от генсека НАТО:  Российская промышленность производит за три месяца втрое больше боеприпасов, чем НАТО за год. Также заявил, что Россия представляет собой ""огромный геополитический вызов"" и восстанавливает свои военные мощности беспрецедентными темпами.  Ну а по факту же мы имеем очередную пугалку для европейского лоха, которого продолжают разводить на кратное увеличение военных расходов и на спонсирование свинарника, который щит Европы и все такое.";Новости и политика
Там в Кременчуге прилет по ТЦК. Ранее на неделе уже два таких удара было. Судя по комментариям на украинских инфопомойках, заключенные концлагеря такие действия нашей армии всецело одобряют и ждут продолжения.;Новости и политика
Фестиваль плова в Красноярске закончился задержанием двух канализированных специалистов. После всех мероприятий, которые были направлены на укрепление межнационального согласия, они проследовали на местный пляж, где начали приставать к несовершеннолетним девочкам. Были доставлены в отдел, решается вопрос о депортации.;Новости и политика
"Хроники урегулирования, деэскалации, договорнячков и вот этого вот всего. Мы помогали Украине и будем продолжать помогать, — Трамп ""Я говорил вам, что остался очень недоволен разговором с Путиным. Похоже, он хочет идти до конца и просто продолжать убивать людей. Нехорошо. Это нехорошо. Я был недоволен им"", - сказал он. В то же время Зеленский: Разговор с Трампом был, наверное, самым лучшим за все это время.";Новости и политика
Алиев не стремится к эскалации с РФ и хочет урегулировать конфликт, заявил Эрдоган. Задержанные и избитые в Азербайджане российские граждане тем временем все еще находятся под стражей. Если он действительно хочет урегулировать конфликт, то самым первым и самым скромным с его стороны шагом должно быть освобождение этих людей, публичные извинения и выплата компенсаций. Это только для начала. Этого нет? Нет, а значит и желание урегулировать конфликт это не более чем просто лживые слова помидорного султана, который на днях присоединился к коалиции дронов в интересах ВСУ.;Новости и политика
"Американская компания BlackRock прекратила поиск инвесторов для своего фонда помощи Украине, сообщает Bloomberg. Инвесторы утратили интерес к проекту ""из-за растущей неуверенности относительно будущего Украины"", отмечает издание.";Новости и политика
Посла России в Ереване вызвали в МИД Армении. Как сообщается, ему выразили протест против «недружественной и враждебной пропаганды» в российских СМИ, которую якобы «подогревают заявления некоторых должностных лиц, депутатов Госдумы и экспертного сообщества». Интересно, как стала их риторика похожа на то, что в том числе выдают из себя азербайджанские деятели. Оказывается, они вполне могут найти между собой общий язык.;Новости и политика
В Оренбурге отправили в СИЗО азербайджанского криминального авторитета Заура Шипилова. Его обвиняют в занятии высшего положения в преступной иерархи. Пишут, что в 2015 году его приняли с крупной партией героина, но отсидев всего три года, он вышел на свободу.;Новости и политика
Клево. У нас только один вопрос: а почему, если лицо занимало высшее положение в преступной иерархии в России, его депортируют в Азербайджан?  Это особо тяжелое преступление, согласно статье 210.1 УК РФ. И наказывается лишением свободы на срок от восьми до пятнадцати лет со штрафом в размере до пяти миллионов рублей или в размере заработной платы или иного дохода осужденного за период до пяти лет либо без такового и с ограничением свободы на срок от одного года до двух лет. Как всегда: вопросов больше, чем ответов.;Новости и политика
"В Москве задержан азербайджанский ""авторитет"" Вагиф Сулейманов. По данным СМИ, в Москве был задержан ""вор в законе"" азербайджанского происхождения Вагиф Сулейманов, которого считают одним из наиболее заметных и влиятельных лидеров азербайджанской организованной преступности. В сообщении говорится, что Сулейманов был арестован на три месяца. По какой статье не сообщается. Затем, предположительно, он будет экстрадирован на родину, где с ним также хотят пообщаться силовики. Вряд ли, конечно, задержанному в России преступнику азербайджанского происхождения что-то будет в самом Азербайджане, но событие примечательно. И да, всё это время все всё знали, но задержали почему-то именно сейчас. Чудеса.";Новости и политика
"Дело о растрате 6 млрд рублей ""Роснано"" под видом производства планшета направлено в суд. Напомню, что главой Роснано был Чубайс. Ранее в этом году трех его бывших замов задержали в Москве по делу о хищении 45 миллиардов рублей.";Новости и политика
Атаки на ТЦК преследуют цель срыва мобилизации по всей стране, — спикер Сухопутных войск ВСУ. Невероятное откровение сошло одному из надзирателей за концлагеря. При этом обычные люди событию радуются и негодуют исключительно потому, что подобное не началось ранее.;Новости и политика
«Никаб - это не религиозная одежда. Он не имеет никакого отношения к исламу» Если кому вдруг было интересно, как в духовном управлении мусульман Казахстана отреагировали на недавний запрет в этой стране никабов. Ну а я в очередной раз напомню прошлогоднее высказывание зампреда ДУМ РФ, муфтия Москвы Ильдара Аляутдинова: Духовное управление мусульман (ДУМ) РФ поддержит выдвинутое главой совета по правам человека (СПЧ) Валерией Фадеевым предложение по запрету никаба. Для этого официальные органы должны доказать взаимосвязь между ношением никаба и ростом риска экстремизма.;Новости и политика
В Питере задержали 23-летнюю россиянку при попытке заложить бомбу под авто сотрудника оборонного предприятия. По данным ФСБ, в 2024 году она связалась с кураторами из Украины и сообщила о готовности участвовать в диверсиях. По их указаниям, девушка наносила проукраинские надписи в общественных местах и пыталась поджечь объект железнодорожной инфраструктуры. 25 апреля девушка выехала в Санкт-Петербург, где следила за сотрудником одного из оборонных предприятий. Под его автомобиль она пыталась заложить СВУ. В отношении девушки были возбуждены уголовные дела по статьям о покушении на террористический акт, государственной измене и незаконном приобретении взрывчатых веществ. Ну а за этот теракт ей пообещали европейское гражданство. В Европу она уже, конечно, никогда не уедет.;Новости и политика
Евросоюз готовится ввести против России самые жесткие санкции с 2022 года, заявил глава МИД Франции Жан-Ноэль Барро. Очередной пакет мер призван «истощить» ресурсы России и помешать ей вести военную операцию, добавил министр. Меры затронут нефтяные доходы, «финансовых игроков» из России и других стран. Санкции введут по предложению Парижа, отметил он, таким образом ЕС намерен побудить Москву согласиться на прекращение огня.;Новости и политика
Военный суд приговорил экс-замглавы Генштаба ВС РФ Арсланова к 17 годам колонии за взятку и мошенничество — ТАСС. Следствие считает, что обвиняемые вместе с неустановленными лицами заключали госконтракты с компанией «Воентелеком» на поставку спутникового оборудования и центров мониторинга по завышенной стоимости, похитив при этом 1,6 млрд рублей. Всего же причастен к хищению 6.7 млрд рублей. Кроме того, Арсланов подозревается в махинациях при поставках радиостанций Р-187-П1 «Азарт» в ВС России.;Новости и политика
Власти швейцарского города Поррантрюи, который находится рядом с границей Франции, запретили гражданам Франции посещать городские бассейны. Это решение приняли после жалоб на грубое поведение, домогательства и ругань со стороны «французской молодёжи». Правда эта «молодежь» - поголовно мигранты.;Новости и политика
И снова на связи зажиточная Абхазия, которую объедают жадные русские. Директор, здесь не смеяться, абхазского Фонда Кино назвал российских туристов угрозой национальной безопасности республики, которая только милостью добрых русских людей и существует. Александр Басария призвал отказаться от российских туристов, которые покупают дешевые путевки и экономят на отдыхе. По его мнению, туристы, которые не хотят посещать рестораны, клубы, вечеринки и экскурсии, представляют угрозу национальной и экономической безопасности республики, поскольку из-за них малый бизнес терпит убытки. Очередная иллюстрация, к чему приводят все эти субсидии и дотации различных ничтожеств. Вот и делай после этого людям добро.;Новости и политика
А быстро тут. Сочувствующий русскому народу вольнодумец Илон Маск зарегистрировал свою новую Американскую партию. Она получила аббревиатуру AMEP.  Цель у Илона получить ту самую золотую акцию в Конгрессе, чтобы ловко блокировать различные двухпартийные договорняки между республиканцами и демократами. В последний раз нечто подобное попытался провернуть политик Росс Перо в 1995 году со своей Реформистской партией США, но у него ничего не получилось. Хотя ранее на президентских выборах, как независимый кандидат он умудрился набрать почти 19 процентов голосов, которые он отобрал у республиканцев и этим он смог обеспечить уверенную победу Билла Клинтона на выборах президента в 1992 году. Кстати он так же был бизнесменом, который специализировался на сфере высоких технологий. Пожелаем Илону Маску удачи в расшатывании политической системы США. Быть добру!;Новости и политика
"Самарский миграционный кризис
О миграционных вызовах в Самарской области
Самарская область, как и практически любой другой регион России, стала жертвой миграционной политики последних десятилетий. Бурное развитие города и темпы строительства в нем привели к тому, что мигранты хлынули сюда на заработки и привезли с собой свору проблем. 
О миграционной ситуации в Самарской области: 
??В 2024 году в Самарской области на миграционном учете стояло 202 тысячи человек. Наибольшее количество из них составляли граждане — Узбекистана (84 тысячи) и Таджикистана (62 тысячи).
??Только лишь 57,4% из общего количества иностранцев количества указали целью визита работу, часть из них осталась в теневом секторе, а другая подалась в криминал.
??За прошлый год было выявлено более 800 уголовных преступлений, совершенных приезжими, а также 5587 преступлений в сфере миграции, что на 46,6% больше, чем годом ранее.
??Увеличению количества раскрытых преступлений поспособствовала политика новых самарских властей, которые всерьез взялись за проблему миграции.
??Благодаря этому, в регионе в 2024 году было проведено 2377 рейдов, по результатам которых из Самарской области было депортировано более 4 тысяч мигрантов.
Ситуация с мигрантами остается по-прежнему напряженной. В новостных сводках практически ежемесячно появляются новости о зверских нападениях, изнасилованиях и домогательствах. Приезжие также организуют ячейки радикальных исламистских течений и захватывают целые улицы для совершения молитв.
С угрозами и нападениями со стороны мигрантов сталкиваются не только местные жители, но и представители власти. Дети мигрантов публично записали оскорбительное обращение к экс-Губернатору области, а избитыми этнической бандой оказались депутат Госдумы Михаил Матвеев и депутат местного райсовета. 
Команда нового Губернатора старается повлиять на ситуацию: в регионе вводятся ограничения на работу мигрантов в различных сферах экономики, а также учащаются рейды по выявлению нарушений в миграционной сфере. 
Несмотря на попытки властей ужесточить контроль над мигрантами, проблемы по-прежнему остаются. Именно поэтому необходимо начинать этот процесс еще до приезда рабочих в страну. А таких мер можно добиться только кардинальными реформами в области миграционной политики, которые уже давно назрели.";Новости и политика
"Депутат, расследовавший крупную коррупционную схему, найден повешенным
Расследовавшего коррупционную сделку с участием президента Франции Эмманюэля Макрона французского депутата нашли повешенным, пишет France info.
54-летнего члена партии «Республиканцы» Оливье Марлекса обнаружил мёртвым в собственном доме полицейский патруль. Ведётся расследование.
Марлекс расследовал возможный «акт коррупции» с участием Макрона при продаже Alstom компании General Electric. Депутат предполагал, что сделка могла профинансировать предвыборную кампанию нынешнего президента Франции в 2017 году.";Новости и политика
Парень в костюме Оптимуса Прайма пришёл на концерт Linkin Park, и во время песни What I've Done его на руках пронесла толпа. Мемы про титры «Трансформеров» вышли на новый уровень.;Развлечения
Bring Me The Horizon приняли решение разойтись с Джорданом Фишем. «Bring Me The Horizon решили расстаться с Джорданом Фишем. Мы хотим поблагодарить его за музыкальное путешествие, которое он прошел с нами, и пожелать ему удачи во всем в будущем. Тем временем мы продолжаем работать над Nex Gen, и совсем скоро выйдет новая музыка. Увидимся в нашем туре по Великобритании в январе». — BMTH;Развлечения
"Тамбовский музыкант получил двойную платину в США и пишет трек с MOBY
19-летний Дмитрий ?neheart (Волынкин) из Кирсанова готовит коллаборацию с легендой электронной музыки MOBY. Его трек Snowfall собрал уже 300 миллионов прослушиваний и принес парню двойную платину от Американской ассоциации звукозаписывающих компаний (RIAA), сообщает тг-канал Mash/
Недавно музыкант сдал сессию в юридическом вузе в Саратове и уехал в Париж — именно там и узнал о своей награде.
В августе ?neheart выпускает семейный альбом, который записывает вместе с отцом и музыкантом Dean Korso.";Развлечения
"Лабубу ВСЁ: на их место пришли Вакуку — пушистые и монобровные «воины джунглей» из Китая.
Новая игрушка взорвала соцсети и исчезла с прилавков за пару часов — зумеры массово выбирают «милую уродливость» как способ сказать «нет» навязанным идеалам красоты.";Развлечения
Дмитрий Ликс выиграл картинг-соревнование. Бустер пришёл вторым, а Пчелкин замкнул тройку лидеров. Финальный заезд получился трогательным — ребята пересекли финиш, держась за руки. Прямую трансляцию на канале Братишкина смотрели свыше 30.000 зрителей.;Развлечения
"Известный американский рэпер DaBaby прилетел в Москву, чтобы дать долгожданный концерт, который планировал еще с 2022 года. Видео своего прибытия в столицу России артист опубликовал на своей странице в социальной сети Instagram.
На опубликованных кадрах видно, что артист прилетел во Внуково, после чего его с командой встретил русский народный ансамбль с баяном, исполнивший песню «Валенки». Также ему преподнесли в подарок дизайнерскую балалайку, которой артист был крайне рад, судя по реакции за кадром. Также DaBaby раздал автографы встретившим его поклонникам и обратил внимание на красоту Москвы. В разговоре с одним из фанатов, который подошел сфотографироваться с рэпером, он признался, что не ожидал такой холодной зимы, но очень доволен своим приездом в Россию.";Развлечения
Премьера 3-го сезона «Игры в кальмара» состоится 27 июня 2025 года, спустя всего 6 месяцев после выхода 2-го. Съемки следующей главы культового шоу уже завершены — они проводились одновременно со съемками 2-го сезона. Кажется, вот только отгремел долгожданный 2-й сезон южнокорейского хита, как уже появились новости о скором выходе продолжения. Летом 2025 года зрители узнают, чем закончится история противостояния отважного Сон Ги-хуна и таинственной организации. Шоу получило феноменальный успех и с момента премьеры стало одним из флагманов Netflix, что вдохновило создателей на развитие целой франшизы.;Развлечения
#Buster приобрел себе новый автомобиль — Ferrari 296 GTS. Слава ранее упоминал, что продал свою старую машину и приобрел новую той же марки. Как и писал, прошлую продал, слишком много мозгоебки с электроникой у нее было. Взял новую без пробега 296 GTS очень нравится, она супер комфортная.;Развлечения
#Sasavot поделился впечатлениями о Белграде. Ранее Глеб приезжал в Сербию на празднование Дня Рождения #Evelone.;Развлечения
#Evelone рассказал, что его совместной встречи с #IShowSpeed в ближайшее время не будет. Сегодня IShowSpeed проводил стрим в Сербии в рамках своего Евротура. Вадим подтвердил, что знает о пребывании стримера в стране, но никаких договорённостей о совместной трансляции у них нет.;Развлечения
#xQc раскритиковал Twitch за несправедливую модерацию. На своем стриме Феликс вновь поднял проблему непоследовательной модерации на платформе Twitch. Эта тема получила новый виток обсуждения после инцидента со стримером #HasanAbi, который недавно демонстрировал на трансляции пистолет. Это прямое нарушение правил платформы не повлекло за собой никаких санкций. xQc заявил, что руководство Twitch намеренно создало расплывчатые и нечеткие правила. По его мнению, это позволяет модераторам интерпретировать их по-разному в каждом конкретном случае, что формирует предвзятое отношение к пользователям. Такой подход, считает стример, приводит к тому, что блокировки применяются только к тем, кого платформа сама захочет наказать, создавая двойные стандарты.;Развлечения
#Arthas на стриме составил свой тир-лист ред-флагов в девушках. К самым опасным флагам он отнёс: если девушках стримит в «горячих» категориях на Twitch, сравнения с бывшими, поддержку общения с ними, нимфоманию, измены в прошлом, тягу к вечным тусовкам, наличие ЗППП, постоянное создание драм, давление фразами «мужик должен», злоупотребление алкоголем или наркотиками, татуировки по всему телу, чрезмерную зависимость от соцсетей, лживость и даже привычку заводить зоопарк дома, феминистки с двойными стандартами, матери-одиночки с «кучей проблем» и девушки, живущие только ради внимания. В «Серьёзные флаги» Папич отнес патологическую ревность, избегание ответственности, обесценивание чувств, любовь к люксовым брендам, скрытность, проблемы с азартными играми, агрессивная религиозность, тяга к деструктивным отношениям, отсутствие уважения к родителям и постоянная игра в «жертву». В категорию жёлтых флагов попали: гиперопека, чавканье, вера в гороскопы, манипуляции чувством вины, нетерпеливость и злость по пустякам.;Развлечения
#Bratishkin показал, как сейчас выглядит его палец на рентгене после операции. Я — росомаха… У меня, конечно, тут пластина стоит. Я-то думаю, у меня палец какой-то здоровый вышел.;Развлечения
#Guacamolemolly сообщил, что похудел на 9 килограммов.  Марк рассказал, что за две недели правильного питания сбросил уже 9 кг и сейчас весит 108 кг.;Развлечения
#Deepins проводит стрим-марафон по прохождению игр «Little Nightmares». Специально для марафона Ваня украсил свою комнату в тематическом стиле. twitch.tv/deepins02;Развлечения
#Evelone может встретиться с #IShowSpeed в Сербии. Среди стран, которые Спид планирует посетить во второй части своего IRL-тура по Европе, есть и Сербия, где сейчас находится Вадим. У нас есть чел, который ему всё это устраивает в Сербии, поэтому он нас свяжет.;Развлечения
#Bratishkin купил себе золотое кольцо Bulgari за 180.000 рублей. Вова рассказал, что собирается разыграть данное кольцо, так как оно ему не понравилось. Сам я себе возьму, наверное, что-нибудь из платины, потому что из золота мне не очень как-то подходит. Я какой-то цыганенок прям.;Развлечения
#Mokrivskyi проводит совместный стрим на природе — ребята жарят шашлыки. Участники: #Evelone, #Sasavot, #Dangerlyoha, #Skillzor, #Morphilina, #Yuuechka, #Insider, #Ctom, #Sayurri, #Mokrivskyi, #Morpheya и #Baz. twitch.tv/mokrivskyi;Развлечения
#Stintik планирует провести «Liar’s Bar в реальной жизни». Максим рассматривает возможность организовать стрим за свой счёт из-за частых переносов со стороны своего спонсора — он не хочет так долго ждать и готов вложиться сам. Сейчас он уже связался с командой, которая занимается проведением таких игр, и ожидает расчёт стоимости такой трансляции. Стинт поделился, что #Bratishkin потратил около 4.000.000 рублей на свой стрим с картингом. Максим предполагает, что при одной локации, статичных камерах и упрощённой инфографике по картам, бюджет можно сократить вдвое.;Развлечения
#Deepins готовит атмосферный марафон по игре Little Nightmares. Ваня оформит свою комнату в мрачном стиле игры — ни одного светлого уголка не останется. Трансляция запланирована на 8 июля. Также стример поделился ближайшими планами: 20 июля он уедет на две недели на съёмки фильма, а этим летом планирует выпустить собственную игру.;Развлечения
#Buster планирует полететь к #Evelone в Сербию. Слава собирается лично поздравить Вадима с Днём Рождения — он отправится, как только его подарок будет готов.;Развлечения
Amazon и Twitch подали в суд против Кирилла Малофеева с требованием запретить ему судиться с ними вне США. Конфликт начался в 2022 году, когда Twitch заблокировал аккаунт профессионального игрока #Likkrit после введения санкций против него и его криптокомпаний. В ответ Малофеев подал иск в российский арбитраж — суд обязал Twitch восстановить доступ и платить штраф: 100.000 рублей в день с удвоением каждую неделю. По расчётам Amazon, к июню 2025 года сумма превысила «все деньги мира». Теперь Amazon и Twitch требуют в суде запретить Малофееву подавать и продолжать любые иски вне США. По их мнению, он нарушил пользовательское соглашение, где прописано — все споры должны рассматриваться только в Калифорнии. Также компании просят суд вынести решение по умолчанию — Малофеев не явился на слушания 26 февраля, не ответил на иск и проигнорировал уведомления. Twitch считает, что в противном случае он продолжит добиваться исполнения российских решений в других странах, что создаёт риск для бизнеса. Слушания по ходатайству пройдут 7 августа.;Развлечения
#IShowSpeed проводит IRL-стрим из Хорватии. Это его первый стрим после разбана на Твиче. Даррен отправился во второй тур по Европе, в рамках которого посетит более десяти стран. twitch.tv/ishowspeed;Развлечения
По слухам #iShowSpeed подпишет эксклюзивный контракт с Twitch на $600 млн. iShowSpeed может стать эксклюзивным партнером Twitch как минимум на два года. Пока что ни стример, ни представители платформы не комментировали слухи. Стример получил галочку на Твиче и уже может начать стримить свой эксклюзивный тур, который начнется 7 июля на двух платформах на YouTube, и Twitch.;Развлечения
#Anarabdullaev преодолел отметку в 300.000 фолловеров на Твиче.;Развлечения
"#Stintik высказался про коллаборации #Buster'а со знаменитостями на стримах. Что они будут делать на стриме? ""Ну вот, я с Топлесом выбираю самую красивую стримершу"". Я уже могу делать ставку — я уверен, что это произойдёт. Ребята, ну давайте будем честны. А потом пост в стрим-инсайде: “Топлес решил, что самая красивая стримерша — это...” и там какая-нибудь женщина сисястая такая.";Развлечения
#Mokrivskyi сделал подарок для #Evelone — идею для стрима, где Вадим будет открывать кейсы, сувенирные наборы и капсулы в CS2. Рома подарил по одному экземпляру каждого кейса, сувенирного набора и капсулы. Также #Strogo подарил Эвелону Glock-18 | Градиент с наклейками Reason Gaming общей стоимостью ~3.500.000 рублей.;Развлечения
#IShowSpeed возвращается на Twitch спустя 3 года с «Европейским туром». Спид будет вести трансляции второго этапа своего «Европейского тура», который стартует 7 июля в 14:00 по МСК. Стримы будут проходить одновременно на YouTube и Twitch. В рамках тура он посетит Сербию, Турцию, Испанию, Польшу, Францию и другие страны.;Развлечения
#RavshanN завершил благотворительный 48-часовой стрим— собрал 2.300.000 рублей на помощь детям. Спасибо всем за эти 48 часов благотворительного стрима. Каждому, кто зашел, всем, кто кинул какую-то копейку, в первую очередь — это вы молодцы! Мы собрали 2.3 миллиона рублей, я от себя тоже закину, округлю и отпишу. Закину в фонд, который сделает отчет о каждой копейке. Всю следующую инфу скину позже, всех обнял.;Развлечения
KillaGram -  Батя (2025). Жанр: рэпкор;Развлечения
Сегодня исполняется 61 год вокалистке Hole и вдове Курта Кобейна Кортни Лав;Развлечения
"Из офишл аккаунта Оззи, слишком тонко даже для английского юмора: ""Впервые встретился с Экслом Роузом (на финальном концерте Оззи - прим. Пер.), в моем возрасте не часто встречаешь легенд...""";Развлечения
проект «ГОРШЕНЁВ» Выступили на фестивалях в Пружанах и Барановичах;Развлечения
Скандал на прощании BLACK SABBATH: Дэвида Дреймана освистали в Бирмингеме 5 июля 2025 года, на стадионе Villa Park, где проходил грандиозный прощальный концерт BLACK SABBATH и Оззи Осборна, публика устроила фронтмену DISTURBED Дэвиду Дрейману очень холодный приём. Вместо оваций — бу, недовольные крики и жесты. Причина? Не только творчество. “Sweet Leaf” с горьким привкусом По задумке Тома Морелло (RAGE AGAINST THE MACHINE), этот вечер должен был стать трибьютом в лучших традициях метал-семьи. Звезды сцены по очереди выходили на сцену, чтобы исполнить классику Оззи и Sabbath. Дрейман присоединился к супергруппе (в составе — Джейк И. Ли, Майк Бордин, Адам Уэйкман, позже — Скотт Иэн, Нуно Беттенкорт, Дэвид Эллефсон) и исполнил «Shot in the Dark» и «Sweet Leaf». Музыкально — всё было мощно. Голос Дреймана звучал уверенно, бэк-бенд — профессионален до костей. Но публика была явно не в восторге — и дело было не в музыке. “Ты нам тут не рад” — за что освистали Дреймана? По сообщениям Birmingham Live, ещё до первых аккордов зал выразил свою позицию — свистом и средними пальцами. Местная журналистка Кирсти Босли, находившаяся в толпе, написала в прямом эфире: «Дэвид Дрейман из DISTURBED выходит на сцену — и получает огромную порцию бу. Его политическая активность не даёт публике расслабиться. Его здесь не хотят». Речь идёт о бурной общественной реакции на заявления Дреймана по поводу конфликта в Израиле и Газе. С 2023 года музыкант стал одним из самых громких голосов в рок-мире в поддержку Израиля. Особую волну негодования вызвали его фото с солдатами ЦАХАЛа и автограф на артиллерийском снаряде с нецензурным посланием в адрес ХАМАС. На фоне тысяч погибших среди мирного населения, этот жест был воспринят многими как провокационно-бессердечный. Музыка — вне политики? Не в этот раз Несмотря на некоторую поддержку в зале (часть публики всё же хлопала в такт), общая атмосфера во время выхода Дреймана была далека от дружелюбной. Возможно, он оказался не в том месте и не в то время. А может быть, это напоминание, что в 2025-м сцена уже не защищает от последствий сказанных слов. Даже если ты умеешь петь Ozzy как бог. ;Развлечения
Метафора вечера? BLACK SABBATH уходили красиво и единодушно. А рок-сообщество, кажется, оказалось расколотым — между музыкой и политикой, между прошлым и настоящим. И этим шрамом вечер всё же запомнится. Подписаться на «Rock Music News»;Развлечения
BLACK SABBATH и SLIPKNOT теперь родственники ???? Во время финального концерта Оззи Озборна и BLACK SABBATH случилось не только прощание, но и рождение. Рождение новой семьи. Прямо за кулисами концерта Сид Уилсон из группы SLIPKNOT сделал предложение Келли, дочери Оззи.  Он сказал ей: “Келли, я люблю тебя больше всего на свете”, но Оззи прервал его речь: “Отвали. Ты не женишься на моей дочери”. К счастью, Сид был настойчив и продолжил: “Я буду счастлив провести остаток жизни с тобой. Итак, перед семьей и всеми нашими друзьями спрашиваю: Келли, ты выйдешь за меня замуж?” Келли утвердительно кивнула и Уилсон надел ей на палец кольцо.;Развлечения
Пока Оззи Осборн и BLACK SABBATH круто и масштабно праздновали финал карьеры, IRON MAIDEN попали на английские монеты! Королевский монетный двор сегодня представил эффектную памятную монету в честь 50-летия группы IRON MAIDEN. Ранее такой чести удостаивались QUEEN, Элтон Джон и Дэвид Боуи. Менеджер IRON MAIDEN Род Смоллвуд: «Появление Эдди на официальной монете Великобритании — это продолжение его невероятной одиссеи, начавшейся в 1980 году. Мы уже были на марках, бутылках пива, хвостах самолетов, а теперь и на монете! Для нас большая честь, что Королевский монетный двор решил отметить 50-летие IRON MAIDEN таким уникальным образом». Ребекка Морган, директор по памятным монетам Королевского монетного двора: «IRON MAIDEN - смелые новаторы в музыке, которые уже полвека несут британский флаг по всему миру. Монета — идеальное слияние металла с металлом, и мы ожидаем, что она станет желанным экспонатом как для нумизматов, так и для страстных фанатов рока».;Развлечения
Последние аккорды тьмы: BLACK SABBATH завершили путь — навсегда 5 июля 2025 года. Бирмингем. Стадион Villa Park. На сцене — четверо, с кого всё и началось. Оззи Осборн, Тони Айомми, Гизер Батлер и Билл Уорд вышли, чтобы сыграть в последний раз. Без пафоса, но с исторической тяжестью в каждом риффе. BLACK SABBATH завершили свою эпоху. Навсегда. Финал фестиваля Back To The Beginning стал точкой в полувековой истории группы, которую называют не иначе как отцами-основателями хэви-метала. И они ушли достойно. Вот четыре песни, которыми Sabbath поставили свою последнюю точку. ? 1. “War Pigs” Сирены, мрак, пророчество. Концерт открыла их самая злая и пророческая песня. «Военные свиньи» — гимн против войны, обличающий власть имущих, по сей день звучит пугающе актуально. Айомми медленно закручивает тему, Оззи срывает слова в небо, а тысячи рук поднимаются в унисон. Мрак не умер. Он просто стал классикой. ? 2. “N.I.B.” Песня от имени дьявола — на бис от создателей жанра. Гизер начинает басовую партию — и стадион замирает. И вот он, Люцифер, поёт о любви, а мы почему-то ему верим. Саунд — жирный, вязкий, как магма. Оззи чуть играет, чуть улыбается, но в голосе слышен огонь. Они снова здесь — и им всё ещё можно доверять. ? 3. “Iron Man” Слово, ставшее риффом. «I am Iron Man…» — и 40 тысяч глоток кричат в ответ. Это уже не просто песня — это миф, стена звука, тот самый момент, когда каждый чувствует: я здесь, я часть истории. Айомми молотит бессмертный рифф, Уорд держит ритм, как в 1970-м. Машина снова завелась — чтобы остановиться навсегда. ? 4. “Paranoid” Финал, с которого всё началось. Ну конечно. Чем ещё заканчивать эпоху, как не песней, которая её породила? «Paranoid» была быстрая, нервная, точная. Оззи прощался не пафосом — а драйвом. Он поблагодарил зрителей, помахал рукой… и всё. Свет погас. Шоу кончилось. История — тоже. ? The End, For Real. Это был не просто концерт. Это был прощальный ритуал. В городе, где всё началось. Перед поколениями, которые выросли под эти звуки. BLACK SABBATH не просто закрыли главу — они написали последнюю строку в книге под названием хэви-метал. И теперь тишина. Но в этой тишине по-прежнему гремит эхо их риффов.;Развлечения
"8 июля 1970 года родился Джордж Фишер Также известный как Corpsegrinder — вокалист Cannibal Corpse. Называет себя ""чемпионом по хедбэнгингу"", хотя и признавал, что встречал на концертах людей, которые были бы способны посоревноваться с ним.";Развлечения
"Инди-поп певица «Аня из Питера» и «Lumen» представляют совместный трек ""Сам пойму”. Возможно, фит покажется вам неожиданным. В нем нет ни привычной гитарной мощи Lumen, ни акустической лёгкости Ани.  ""Это песня про человека, который застрял в «дне сурка» и не может выбраться"", — говорит Аня. Мы хотели поддержать тех, кому сейчас тяжело, — добавляет Тэм.";Развлечения
Джейсон Момоа в слэме под PANTERA на прощальном концерте Black Sabbath 5 июля 2025 года, стадион Villa Park в Бирмингеме — середина разъярённого сета PANTERA, гремит “Cowboys From Hell”, и вдруг в мошпит, как с обложки Metal Hammer, влетает… Джейсон Момоа. Да, тот самый Аквамен. И ведущий вечера Back To The Beginning, финального концерта BLACK SABBATH. Но вместо того чтобы чинно сидеть за кулисами с табличкой “Хост”, Момоа прыгнул в самое пекло — крутил башкой, толкался с фанатами, получал в грудь локтями счастья. И делал это так, как будто вырос не на Гавайях, а в гараже рядом с Dimebag Darrell. “Сначала я выпрашивал билет…” Перед концертом в интервью Kerrang! Момоа признался: “Я выпрашивал билет, а теперь я это веду! Никогда ничего не хостил, а тут — перед толпой из десятков тысяч, и всё ещё на pay-per-view… Чёрт возьми”. Дальше — больше: “Ozzy для меня — всё. SABBATH — это вообще всё, мать его! Я помню первую песню, которую включил своим детям — это была SABBATH. Я просто хочу быть рядом с теми, на чьей музыке вырос.” И кто бы мог подумать: именно Шэрон Осборн лично позвонила Джейсону, чтобы пригласить его вести главное метал-событие десятилетия. А он, как оказалось, сначала просто написал друзьям из METALLICA и ANTHRAX, мол, “пацаны, дайте билетик…” Настоящий фанат, не костюмированный Момоа не просто озвучивает “я люблю металл”. Он живет им, вплоть до синяков после “Cowboys From Hell”. И в ту минуту, когда он исчез в водовороте кожаных курток и брутальных тел, публика поняла: это не просто звезда, это свой в доску. ? ?? Видео, как Джейсон Момоа швыряется в мош, как будто он член PANTERA по замене — уже разлетается по соцсетям.  Подписаться на «Rock Music News»;Развлечения
Malevolence отменили участие в Summer Slaughter 2025: причины и что дальше --- Увы, но без Malevolence. Тур Summer Slaughter 2025, который обещал стать одним из самых мясных слэм-паломников этого лета, понёс первую чувствительную потерю: британцы Malevolence официально снялись с участия. Причина — «непредвиденные личные обстоятельства». Формулировка расплывчатая, но уважительная. Группа сделала короткое, но искреннее заявление: > «Мы с грустью сообщаем, что больше не сможем принять участие в туре с Hatebreed и остальными командами в июле. По независимым от нас личным причинам мы приняли трудное решение отступить. Это решение никогда не принимается легко. Мы приносим извинения всем, кто ждал нашей встречи. У нас только любовь к Summer Slaughter и всем группам, что выйдут на сцену. Поддержите их. Мы надеемся вернуться в США как можно скорее».  Что это значит для тура? Пока замена не объявлена, но времени на раздумья немного: первый концерт — уже 8 июля в Санкт-Питерсберге, Флорида. Организаторам придётся в срочном порядке латать дыру в составе. Для фанатов, конечно, это удар — Malevolence давно зарекомендовали себя как одна из самых перспективных и харизматичных групп на грани металкора, грув-метала и хардкора. Особенно на живых выступлениях, где их фирменный микс из брейкдаунов и мелодии способен разнести сцену к чёрту. Но Summer Slaughter всё ещё жив и злой.;Развлечения
"Slipknot готовят юбилейное издание дебютного альбома 1999 года: обратный отсчёт пошёл. Slipknot снова копаются в девяностых. И, знаете, мы не жалуемся. Пока мир шумит вокруг новых релизов и нейросетевых каверов, эти маскированные ветераны ну-метала открывают портал в 1999-й — год, когда они вышли из глубин Де-Мойна и устроили Америке психотерапию через барабаны, крики и фольгу на лицах. Недавно Slipknot запустили загадочный сайт с адресом, ссылающимся на первую строчку первой песни их дебютного альбома — ""Comeplaydying"". Попав туда, пользователи видят обратный отсчёт и винтажное промо-фото группы. И да — всё это снова связано с их легендарным первым альбомом ""Slipknot"" (1999), которому стукнуло уже 26 лет. Ностальгия с элементами триллера Параллельно с сайтом, на Instagram-грядке группы вырос странный пост: фото старой версии альбома и подпись ""worse forwards than backwards"" — то ли шифр, то ли арт-хаус. В любом случае, ребята явно мутят юбилейное издание дебюта — возможно, расширенное, возможно, с архивным видео и демо, как это было в 2009-м на 10-летие. Тогда, напомним, фанатам достался жирный релиз с 25 треками, клипами и живыми выступлениями. Ну и, конечно, бонусами для коллекционеров — от наклеек до кусочка штанов Кори Тейлора (шутим... наверное). Что ждём? Обратный отсчёт завершится 21 июля. Есть основания полагать, что именно тогда Slipknot анонсируют переиздание Self-Titled в честь 25-летия — пусть и с опозданием на год, но кто вообще считает? Зачем это всё? Потому что 1999-й — не просто дата. Это отправная точка эстетики хаоса, которую Slipknot подарили миру. Их дебют был не просто альбомом, а взрывом: смесью трэша, панка, индастриала и психотерапии с элементами бешенства. То, что сейчас называют «ностальгическим ну-металом», тогда было как выстрел в лицо — только ритмичный. P.S. Slipknot сегодня — не те 9 психов, что врывались в MTV с криками ""People = Shit"", но в этой попытке вернуться к началу чувствуется не просто маркетинг. Это напоминание: ?? «Мы не забыли, откуда пришли. А ты помнишь, как впервые включил этот альбом?» Так что — ставьте будильник на 21 июля. И проверьте, не лежит ли в шкафу старая маска. Мало ли.";Развлечения
"Стена «появилась» в 1990 году, после смерти музыканта.  С августа и до самых заморозков у стены постоянно дежурили подростки. В дальнейшем стена полностью покрылась надписями и граффити.  - ""Наличие в Москве такой стены памяти, настоящего народного мемориала, имеет для меня значение, мне это важно. Когда Вити не стало, казалось, пройдет лет пять и о нём забудут. Но минуло четверть века, а слава его живёт."" (с) Роберт Цой (отец Виктора).";Развлечения
"Плевать, не хочу слушать: Foo Fighters выкатывают 80-секундный плевок в вечность или зачем группе с 30-летним стажем записывать хардкор-кавер на Minor Threat. Случилось неожиданное, но закономерное: Foo Fighters, которых мы почти не слышали с 2023 года (если не считать семейных драм и редких анонсов), внезапно напомнили о себе. И не новым альбомом, не симфо-версией ""Everlong"", а... 80-секундным кавером на Minor Threat. Да-да, тем самым ""I Don't Wanna Hear It"" — прямолинейным панк-гвоздём с 1981-го.  Вокал — свежий, 2025. Инструментал — записан аж в 1995. И это не просто любопытный музыкальный факт. Это — выстрел из прошлого, из тех времён, когда Грол только-только перерождался из драммера Nirvana в фронтмена Foo. Когда инди был не жанром, а образом жизни. И когда идея перепеть Minor Threat звучала как протест, а не как ностальгия. Архивный шум + свежий голос = вечный панк Выбор Minor Threat — это не просто хардкорная разминка. Это возвращение Грола к истокам. До Nevermind, до MTV, до стадионов и саундтреков. В эпоху, когда он гремел палочками в группе Scream, выходившей на Dischord Records — том самом лейбле Яна Макаея, отца-основателя Minor Threat и всей DIY-этики.";Развлечения
Limp Bizkit выступили на Levi’s Stadium в Санта-Кларе, Калифорния, 20 июня 2025 года. Фред и команда исполнили все классические хиты Bizkit, а Knotfest запечатлел всё это!;Развлечения
Daiki, бывший участник Crossfaith, дал комментарии в Х Он признал, что все имеющиеся в открытом доступе скриншоты переписки были правдой, и ещё раз извинился за свою невнимательность. Он объяснил, что не осознавал возраста собеседника до середины разговора, и поскольку он не владеет английским и пользовался чатом GPT, он написал: “You're so young!! but very mature!!” Хотя хотел сделать комплимент без сексуального подтекста: ???! ????????!(You're so full of energy! But seem more adult-like!).?? Относительно сообщения с предложением встретиться он пояснил: «Я не предлагал нам встретиться наедине, я намеревался сказать: «Давайте встретимся на live (концерте)». Daiki также подчеркнул, что он не педофил.?? Он также рассказал, что оказался в психологической ловушке из-за чрезмерной клеветы со всего мира, вызванной ошибочным мнением о том, что он педофил, и добавил: Эта серия скандалов – результат моих собственных действий, и я прекрасно понимаю, скольким людям я доставил неприятности. Годы, проведенные мною в составе Crossfaith, являются для меня невосполнимым сокровищем. Именно благодаря членам группы, с которыми я работал, всем участникам и, прежде всего, нашим поклонникам, мы смогли продолжать нашу деятельность по сей день. Позвольте мне еще раз выразить вам всем свою благодарность. Большое спасибо за вашу поддержку. #crossfaith;Развлечения
"Железные титаны: Iron Maiden собрали рекордные 70 тысяч фанатов в Лондоне 50 лет на сцене, и старина Эдди всё ещё живее всех живых. Iron Maiden устроили самое масштабное сольное шоу в истории группы на родной земле, собрав от 70 до 75 тысяч зрителей на стадионе в Лондоне 28 июня. Это выступление в рамках тура Run For Your Lives стало настоящим триумфом — как по эмоциям, так и по цифрам. ??? Британия в экстазе Лондонское шоу — новая высота даже для Iron Maiden, чьи концерты всегда превращаются в эпос на грани музыкального безумия и театра войны. На этот раз сетлист включал 17 боевиков, от Murders in the Rue Morgue до Wasted Years, охватив весь диапазон — от NWOBHM до прог-эпопей. ""Rime of the Ancient Mariner"" звучала так, как будто Колеридж лично вышел на сцену с рунным свитком и дым-машиной, а Hallowed Be Thy Name вывел стадион в транс, в котором, кажется, замирают даже стрелки часов. ?? Сетлист мечты: Murders In The Rue Morgue Wrathchild Killers Phantom Of The Opera The Number Of The Beast The Clairvoyant Powerslave 2 Minutes To Midnight Rime Of The Ancient Mariner Run To The Hills Seventh Son Of A Seventh Son The Trooper Hallowed Be Thy Name Iron Maiden Aces High Fear Of The Dark Wasted Years.";Развлечения
Разработчик Baldur's Gate 3 пять лет назад написал дату релиза на бутылке виски. Майкл Даус: «Я написал на этой бутылке виски дату выхода BG3, оставил на барной стойке, и никто её не нашёл. Я был пьян, но бутылка не разбилась, так что, оглядываясь назад, я понимаю, что это было забавно и не нарушало закон». Даус сопроводил пост комментарием, в котором рассказал, что вернулся в бар и снова прикоснулся к этой бутылке.  Ждем новый релиз от Larian Studios?;Развлечения
#статьи Топ анимационных сериалов по играм Фраза «экранизация видеоигры» когда-то звучала как приговор: провальные фильмы, слабые сюжеты, игнор оригинала… Но всё изменилось. Сегодня именно анимация стала авангардом, доказывая, что игры — это мощные истории, достойные экрана. В этой подборке — шедевры, мрачные драмы и яркие приключения. Всё, чтобы вы открыли для себя лучшее, что может предложить союз анимации и видеоигр.;Развлечения
Steel Hunters, PvPvE-шутер с роботами от Wargaming, закроют в октябре. Игра вышла в ранний доступ Steam в апреле, но сильно заинтересовать аудиторию, похоже, не смогла. Разработчики откроют весь доступный контент, а позже пройдёт финальный турнир. ;Развлечения
DOTA 2 исполнилось 12 лет – легендарная MOBA вышла 9 июля 2013 года Вспоминаем лучшие моменты у нас в чатике;Развлечения
СМИ: Rockstar строит планы на новую часть Red Dead Redemption. Сейчас у студии в приоритете GTA 6, но движения в сторону RDR 3 всё же происходят. ;Развлечения
Страницу Assassin's Creed: Black Flag в Steam обновили, добавив туда функции, которых нет в игре. Анонс ремейка уже скоро?;Развлечения
Для ремастера The Last of Us 2 выпустили новый режим, позволяющий пережить историю Элли и Эбби в хронологическом порядке.  За успешное прохождение Chronological Джоэл и Томми закосплеят героев Uncharted — облики можно использовать в режиме No Return.;Развлечения
Дайджест игровых новостей за 8 июля  Читать: Новость дня: Опубликован список участников Tokyo Game Show 2025 • Выживалка Endzone 2 покинет ранний доступ 24 июля • Peak оказалась единственной «свежей» игрой в недельном чарте Steam • Шедевральная SOMA выйдет на Nintendo Switch уже 24 июля • Творцы Gothic 1 Remake объяснили своё художественное видение игры • Кроссовер Dead by Daylight и зомби-франшизы «Ходячие мертвецы» выйдет 29 июля • Тираж The Alters составил 280 тысяч копий — разработчиков поздравили игроки Game Pass ——— СМИ: Bethesda делает множество проектов во вселенной Fallout и возможный ремастер ;Развлечения
СМИ: Bethesda делает множество проектов во вселенной Fallout и возможный ремастер Наверняка полноценная 5 часть серии прибудет лишь после релиза The Elder Scrolls VI. Возможно, речь идёт о Fallout 3 Remastered, о котором уже давно ходят слухи. А как вы считаете, нужна ли новая Fallout?;Развлечения
#во_что_поиграть Xbox Game Pass на максимум — гид по играм, которые нельзя пропустить. Отбросив весь негатив в сторону Фила Спенсера, мы заявим, что «майкрософтовская» подписка Game Pass, доступная на платформах Xbox и ПК, всё ещё остаётся конкурентоспособной площадкой с тонной здоровских игр. Будь то ретро-проекты, инди, AAA последних лет и горячие новинки.  Мы составили гайд с своей подборкой проектов, игнорировать которые — преступление.;Развлечения
В Marvel Rivals добавят ещё больше откровенных бикини-костюмов до конца лета. Исполнительный продюсер Marvel Games Дэнни Ку поделился концепт-артами новых костюмов. Речь идёт о продолжении серии пляжных обликов, которые успели получить Девушка-белка и енот Ракета.  Правда, новые костюмчики окажутся более откровенными. ;Развлечения
Опубликован список участников Tokyo Game Show 2025! Среди ключевых: Ubisoft, Bandai Namco, Capcom, EA, Konami и Riot Games. Участие в TGS примет Sony. Компания получит стенды в зоне семейных и инди-игр. Tokyo Game Show 2025 пройдёт с 25 по 28 сентября и обещает стать одним из самых насыщенных событий года для геймеров и индустрии в целом. ;Развлечения
Студия Джона Ромеро опровергла недавние слухи о закрытии. Она продолжает существовать. Но реорганизацию штата всё же проведут. Игрой Romero Games заинтересовались другие издатели и уже ведутся переговоры о потенциальном финансировании проекта.;Развлечения
Прибылен ли Game Pass? В Xbox говорят, что да. Но при этом не учитываются потери доходов от внутренних студий игрового подразделения Microsoft. ;Развлечения
Авторы российского хоррора ILL хотят заставить геймеров то «кричать от страха», то «визжать от восторга от экшена и расчлененки».  В игре будет реализован живой мир, а при его создании разработчики вдохновлялись Half-Life 2, Silent Hill и Resident Evil: Главное отличие нашего проекта — это то, как мы сочетаем боди-хоррор с динамичным, тактильным миром. Враги не просто умирают.  Они страдают, приспосабливаются, мутируют. Ваши действия оставляют следы, и мир реагирует на них.;Развлечения
Capcom отменила лекцию по оптимизации Monster Hunter Wilds на конференции в Японии. Похоже, что причиной такого решения стали многочисленные угрозы в адрес разработчиков на фоне технических проблем игры. ;Развлечения
Mega Man всё ещё важная франшиза для Capcom, хотя последняя игра серии вышла 7 лет назад. В компании постоянно ищут способы для дальнейшего её развития.  Ранее в Capcom рассказывали о планах по созданию киноадаптации Mega Man. ;Развлечения
Милота дня: Геймер убедил своего 69-летнего отца пройти Dark Souls и «изменил его жизнь». GigaDad (ник отца) играл в Dark Souls на протяжении 9 месяцев. И прошёл её спустя почти 1400 смертей. В процессе он решил для себя, гейминг — это лучше, чем просмотр ТВ. Теперь отец и сын часто проводят совместные стримы, наслаждаются другими играми и общаются с геймерами.  Можно ли сказать, что Dark Souls помогает укрепить семьи и разрешить конфликты поколений? Вполне. ;Развлечения
«Выглядит лучше, чем сериал HBO»: в сети в восторге от ИИ-трейлера экранизации The Last of Us 2 в стиле фильмов 1980-х гг. А вы бы посмотрели полнометражную адаптацию в таком стиле?;Развлечения
Первая Deus Ex могла стать RPG во вселенной Command & Conquer. Уоррен Спектор почти подписал контракт с Westwood, но благодаря вмешательству Джона Ромеро родилась одна из культовых серий. ;Развлечения
Clair Obscur: Expedition 33 получила восторженный отзыв от Нила Дракманна. В частности, руководителя Naughty Dog впечатлил сюжет. Завершил Clair Obscur: Expedition 33. Я в восторге. Одна из самых трогательных и креативных историй в играх за долгое время.;Развлечения
Рафаэль Колантонио, основатель Arkane Studios, раскритиковал Xbox Game Pass. Разработчик назвал сервис «угрозой для игровой индустрии», а бизнес-модель — «неустойчивой». Не думаю, что Game Pass может сосуществовать с другими моделями: либо он убьет всех остальных, либо откажется от этой затеи ;Развлечения
Инсайдер Detective Seeds: PlayStation 6 анонсируют в 2028 году с возможным релизом в 2029 году  Ранее этот инсайдер немного ошибся с датой выхода ремастера The Elder Scrolls IV: Oblivion, но позже назвал точное окно релиза и оказался прав. Верим?;Развлечения
Появился тизер продолжения аниме-сериала по вселенной Cyberpunk 2077. Это будет новая история о «мести и искуплении», состоящая из 10 эпизодов.;Развлечения
Авторы Dredge не работают над сиквелом рыболовного хоррора. Их новой игрой станет RPG с открытым миром в мрачном сеттинге. ;Развлечения
Помните тот легендарный танец Паркера из «Человека-паука 3» Сэма Рейми? Разрабы Marvel Rivals тоже помнят — и добавят эмоцию с культовыми движениями из фильма в третьем сезоне.;Развлечения
Анонсирована Resident Evil: Survival Unit. Это мобильная RTS, над которой работает в том числе Синдзи Хасимото, бывший продюсер Square Enix и создатель Kingdom Hearts. Подробнее об игре расскажут 11 июля в 01:00 МСК. ;Развлечения
Новая часть Call of Juarez в разработке? Том Хендерсон утверждает, что да, Techland действительно делает следующую игру серии, причём на движке Unreal Engine. ;Развлечения
Фил Спенсер был в восторге от уже отменённой игры авторов TES Online, уверяет Джейсон Шрайер. У главы Microsoft Gaming буквально приходилось отбирать геймпад, чтобы продолжить совещание. Project Blackbird была лутер-шутером с акцентом на вертикальное передвижение в научно-фантастическом сеттинге. ;Развлечения
Фанатский ремейк Counter-Strike 1.6 может не выйти — к авторам CS Legacy обратилась Valve  По мнению авторов CS: Legacy, в Valve столкнулись с «недопониманием» сути ремейка. Разработчики подробно объяснили легальность своих действий, но до сих пор не получили ответа со стороны правообладателей Counter-Strike. Нужен ли CS 1.6 — целый ремейк?;Развлечения
Напряженный психологический триллер про изощренного маньяка. В рубрике #ФильмДня — «Последний клиент». В странах Скандинавии действует жестокий маньяк, который убивает беременных женщин и крадет их новорожденных детей. В новостях сообщают об очередной жертве. В это же время успешный психолог Сюзанна Хартманн готовится принять следующего клиента. Им оказывается странный молодой человек по имени Марк, встреча с которым навсегда меняет жизнь Сюзанны. «Последнего клиента» стоит посмотреть не столько за глубокий сюжет и оригинальность, сколько за напряженную атмосферу и диалоги между персонажами. Казалось бы, обычный разговор между психологом и клиентом вытекает во что-то большее и поднимает важные темы о травмах из детства и человеческой жестокости. К середине фильма хочется громко вскрикнуть от удивления и посмотреть на триллер совсем другими глазами.;Развлечения
Как пробиться в Голливуд российским актерам? Именно об этом на примере Юры Борисова, Марка Эйдельштейна, Софьи Лебедевой и других звезд мы рассказываем в большом материале ?? Выучить английский и найти агента? Да! Но это не все. Нужно ли вступать в Гильдию актеров? Где можно познакомиться с кастинг-директорами? Как правильно рассказать о себе? Все это и многое другое пошагово разбирает по нашей просьбе актриса и продюсер Юлия Хамитова. Если мечтаете о голливудской карьере, прочитайте непременно — и кто знает, может, именно вас мы увидим в одном из блокбастеров!;Развлечения
Уэнсдей возвращается в «Невермор», а ее подруге Энид грозит что-то зловещее. Все это — второй сезон «Уэнсдей», к которому вышел полноценный трейлер, а мы смотрим его кадры! Ждать первую часть продолжения осталось меньше месяца: ее выпустят на Netflix 6 августа. Готовьтесь к выходу вместе с нашим материалом, где мы собрали все известные на сегодня подробности.;Развлечения
Какие ДЕСЯТЬ новых зарубежных сериалов последнего полугодия вы бы назвали лучшими? Мы вот уже определились! Рассказываем о них в нашем материале, куда вошли как продолжения зарекомендовавших себя «Разделения» или «Белого лотоса», так и новые хиты вроде нашумевшего «Переходного возраста» и «Больницы Питт». Успели посмотреть что-то из списка? Что вам особенно понравилось?;Развлечения
#ФильмДня — «План побега», мощный боевик с Сильвестром Сталлоне и Арнольдом Шварценеггером. Рэй Бреслин не простой заключенный, ведь выбраться он может из любой тюрьмы. На самом деле, это его работа — проверять, насколько надежны охранные учреждения. И вот однажды приходит новый заказ, согласно которому Рэй должен попытаться выбраться из «Гробницы», секретной высокотехнологичной тюрьмы, не попадающей под юрисдикцию ни одной из стран мира. Слай и Арни пришли, чтобы отсыпать вам немножко олдскула! Брутальный дуэт здесь участвует в драках, обменивается колкостями и, конечно, активно ищет способ сбежать. За последним следить особенно интересно, ведь условия заключения бросают героям настоящий вызов. Все это делает «План побега» очень обаятельным фильмом, который просто берет и развлекает вас два часа. А что еще нужно?   ?? Кинопоиск | Фильмы и сериалы;Развлечения
Дэвид Кроненберг — наш герой: в свои 82 года режиссер «Мухи», «Экзистенции», «Порока на экспорт» и других шедевров отлично себя чувствует и по-прежнему снимает изобретательное, ни на что не похожее кино. Новый его фильм, «Саван» с Венсаном Касселем, выходит на этой неделе в российский прокат. Мы же поучаствовали в разговоре с Дэвидом Кроненбергом и узнали, какие сложности были в работе над историей о вдовце, создавшем «умное» кладбище, и почему в ней так важны теории заговора. А также выяснили, какой подход он использует при съемках эротических сцен и что думает легендарный режиссер об исцеляющей силе искусства, психотерапии и своем наследии.;Развлечения
Долгожданное продолжение «Алисы в Пограничье», японского сериала по манге в духе «Королевской битвы» и «Игры в кальмара», выйдет 25 сентября. Об этом Netflix объявил в первом тизер-трейлере нового сезона. В третьей части сериала Арису и Усаги мирно живут вместе и почти ничего не помнят о смертельных играх, поскольку их воспоминания стирают. Но потом Усаги неожиданно исчезает, а Банда вручает Арису карту высшего уровня — джокера. Считается, что именно «Алиса в Пограничье» — главная альтернатива «Игре в кальмара», а в чем-то даже и круче корейского сериала.;Развлечения
Отличных сериалов с начала года в России вышло немало: в историю наверняка войдут жуткий «Аутсорс», горький и смешной «Между нами химия», деликатный и смелый «Про это самое». Попали они и в нашу десятку лучших отечественных сериалов первой половины 2025-го. Если раздумываете над тем, что посмотреть, смело добавляйте в закладки. И расскажите, какие новинки вам понравились больше всего? Что можете посоветовать другим?;Развлечения
Нолан настолько гений, что в «Начале» зашифровал сны не только в снах, но и в именах героев ?? К 15-летию с премьеры фильма разбираемся в новом #КП_Видео, какие еще смыслы и отсылки добавил режиссер в имена персонажей.  А заодно давайте определимся, проснулся в конце Доминик Кобб или остался в грезах, как думаете? ?? Кинопоиск | Фильмы и сериалы;Развлечения
#ФильмДня — «Предчувствие», мистическая драма, в которой главные роли сыграли Сандра Буллок и ныне покойный Джулиан Макмэхон ?? По сюжету в жизни Линды, примерной жены и матери двух дочерей, происходит трагедия: к ней в дом приходит шериф и сообщает, что Джим, ее муж, погиб в автокатастрофе. Но проснувшись на следующее утро, Линда обнаруживает, что Джим жив. Потом наступает новый день, и ей вновь говорят, что муж мертв и готовятся его похороны. Джулин Макмэхон известен в первую очередь по иным ролям — в «Зачарованных», «Фантастической четверке», «Частях тела» — но и в этом фильме он превосходен. У него было, безусловно, темное обаяние, поэтому Макмэхон нередко играл злодеев или антигероев, а здесь он использует другие свои актерские свойства. В его герое чувствуется какой-то надлом, внутренняя печаль.  И пусть в центре сюжета героиня Сандры Буллок, во всех сценах, в которых появляется Джулиан Макмэхон, он стягивает внимание на себя. Тем печальнее, что в новых фильмах мы его уже не увидим, но в том числе благодаря «Предчувствию» он в любом случае обрел бессмертие.;Развлечения
Роберт Дауни — младший и Зои Салдана? Круче! Скарлетт Йоханссон. Звезда «Мстителей», «Люси» и «Девушки с жемчужной сережкой» стала САМОЙ кассовой актрисой в истории — фильмы с ее участием суммарно собрали, держитесь крепче, больше 14,6 млрд долларов. Скарлетт Йоханссон оставила позади остальных актеров и актрис, с чем мы ее и поздравляем. А какие фильмы со Скарлетт занимают в вашем сердце особое место? Рассказывайте!;Развлечения
Kingdom Come: Deliverance II и Marvel Rivals, «Рассвет жатвы» и «Камень безумия» — это видеоигры и книги, которые мы выбрали как лучшие за первую половину 2025-го. Все верно, начинаем подводить промежуточные итоги года! Собрали 10 лучших видеоигр и 16 лучших книг в наших материалах. Читайте, а потом рассказывайте, согласны ли выбором редакции и пишите свой топ видеоигр и книг в комментариях ?;Развлечения
Хаяо Миядзаки — творец с большой буквы. Иначе как объяснить то, что в его миры ВСЕГДА хочется вернуться?  Решили обратиться к работам режиссера и посмотреть, какими местами он вдохновлялся, чтобы однажды поехать туда и лично оказаться в сказке. Читайте вместе с тем наш путеводитель по мультфильмам студии Ghibli и, конечно же, материал многочисленными эскизами и деталями того, как Миядзаки создавал свои миры.;Развлечения
Хотели узнать, что будет после финала культового «Пролетая над гнездом кукушки»? Скоро у вас будет такая возможность!  В работу запущен спин-офф, который расскажет о Вожде Бромдене и том, что с ним случилось после побега из психиатрической клиники. Другие подробности пока не раскрываются.  Что думаете насчет идет спин-оффа?  Пишите свои мысли в комменты, а еще смотрите наше видеоэссе с разбором экранизации Милоша Формана.;Развлечения
#АнимеДня — «Гачиакута», яростная антиутопия о бойцах, сражающихся с мусорными чудовищами. События происходят в мире, разделенном на две части: город, который называют Небесной твердью, и Бездну — гигантскую свалку где-то далеко внизу, куда сбрасывают как мусор, так и людей, преступивших закон. Одним из таких признают парня Рудо, которого ложно обвиняют в убийстве. Попав в Бездну, Рудо обнаруживает в себе таинственные силы и присоединяется к Уборщикам — людям, уничтожающим жутких мусорных мутантов. «Гачиакута» — экранизация одноименной манги, и к созданию сериала привлекли серьезные творческие силы. Сценарий, например, написал Хироси Сэко, работавший прежде над «Атакой титанов» и «Дандаданом», музыку — Таку Ивасаки, композитор «Гуренн-Лаганна», а анимацию делала студия Bones, снявшая «Стального алхимика». Добавьте к этому диковинный мир, серьезные темы (классовая борьба, загрязнение окружающей среды) и получите один из самых любопытных аниме-сериалов этого лета.;Развлечения
Читатели The New York Times выбрали лучшие фильмы XXI века. Как и кинематографисты, первое место они отдали «Паразитам» Пон Джун-хо!  На вторую строчку зрители поместили «Малхолланд Драйв» Дэвида Линча, что тоже совпало с мнением представителей киноиндустрии. А вот с третьего места мнения разнятся: так, у кинематографистов «Интерстеллар» занял лишь 89 позицию, а «Темный рыцарь», который попал на шестую строчку у пользователей, получил у деятелей кино 28 место: 1. «Паразиты», Пон Джун-хо. 2. «Малхолланд Драйв», Дэвид Линч. 3. «Старикам тут не место», Итан Коэн, Джоэл Коэн. 4. «Нефть», Пол Томас Андерсон. 5. «Интерстеллар», Кристофер Нолан. 6. «Темный рыцарь», Кристофер Нолан. 7.«Безумный Макс: Дорога ярости», Джордж Миллер. 8. «Унесённые призраками», Хаяо Миядзаки. 9. «Вечное сияние чистого разума», Мишель Гондри. 10.«Социальная сеть», Дэвид Финчер Как вам рейтинг пользователей? Согласны с ним или вам ближе топ кинематографистов?;Развлечения
У вас один новый повод для радости — аниме «Киберпанк: Бегущие по краю» получит второй сезон! Продолжение расскажет свою отдельную историю о мести и искуплении во вселенной Cyberpunk 2077. Над десятисерийным аниме вновь работает студия Trigger. Пока мы ждем другие подробности, предлагаем вспомнить первый сезон и то, почему он так запал в душу зрителям.  Рассказывайте, смотрели «Киберпанк: Бегущие по краю»? Будете ждать продолжение?;Развлечения
Сказка о Золушке, но в духе кроненберговского хоррора? Есть такой фильм, и сегодня он в #КиноПоПятницам — это причудливая «Гадкая сестра». О чем фильм: история здесь рассказана от лица Эльвиры, одной из двух дочерей властной и тираничной Ребекки. Мать девочек собирается выйти замуж за богатого вдовца. После церемонии счастье, увы, длится недолго — мужчина умирает прямо за праздничным столом, а вскоре еще и выясняется, что денег у него не было. Теперь Эльвире предстоит пройти через страшные испытания, чтобы изменить внешность и заполучить в женихи принца. Помешать ей может родная дочь скончавшегося аристократа — Агнес.  ?? Кто это сделал: это режиссерский дебют норвежской постановщицы Эмили Блихфельдт. Она сама также написала сценарий, вдохновляясь сказкой о Золушке в версии братьев Гримм. Снять именно боди-хоррор Эмили Блихфельдт решила под влиянием «Столкновения» Дэвида Кроненберга и «Сырого» Жюлии Докурно. Зачем смотреть: «Гадкая сестра» — это знакомая и в то же время захватывающая история, показанная с новой точки зрения. Здесь нет места розовым мечтам, ведь разбиваются они о жестокую реальность, толкающую на страшные поступки. Вдобавок это кино очень красивое — локации, костюмы, операторская работа прицепят ваш взгляд к экрану.  Кому понравится: поклонникам сильных и смелых фильмов, которые говорят со зрителем на актуальные темы, и, конечно, фанатам боди-хорроров в духе «Субстанции», жаждущим увидеть на экране все диковинные превращения героев. Включайте «Гадкую сестру» в 22:00 на Кинопоиске, а в 23:50 присоединяйтесь к обсуждению в комментариях к этой заметке;Развлечения
«Грешники» — это на самом деле перезапуск «Блэйда». Да, по интернету ходят и такие безумные версии, но не все так просто! Продюсер вампирского экшен-хоррора Сев Оганян рассказал, что художником по костюмам обоих фильмов выступила Рут Картер, которая создавала наряды для кинокомикса Marvel — по первоначальной задумке он должен был развернуться в США 1930-х. После того, как «Блэйд» попал в производственный ад, команда «Грешников» решила использовать уже готовые наряды для своего фильма. Marvel согласилась их продать! В итоге многие в массовке вампирского экшен-хоррора Куглера ходили в нарядах, изначально предназначенных для «Блэйда». Кто бы мог подумать, что у двух таких разных фильмов есть такая связь. Почти мультивселенная.;Развлечения
«Мир Юрского периода: Возрождение» радует визуальным эффектами и неплохим сценарием, однако весь фильм получился уж слишком предсказуемым. С одной стороны, лента показывает нам уже знакомую встречу человека с динозавром и не удивляет, но с другой — если порассуждать, из этой темы вряд ли получится выжать что-то новое. Режиссер Гарет Эдвардс будто и не пытался, а просто сделал то, что от него ждали. О других достоинствах и недостатках новой части франшизы читайте в рецензии Станислава Зельвенского.;Развлечения
Майкл Мэдсен, без преувеличения, актер с большой буквы. Мы грустим вместе с вами, поэтому вспоминаем криминальную драму «За пределами закона», в которой Мэдсен исполнил одну из главных ролей. В центре истории полицейский под прикрытием Дэниел Саксон, который внедряется в банду байкеров для того, чтобы контролировать незаконный оборот наркотиков и оружия. Чтобы втереться в доверие, главный герой должен выполнять поручения главы банды и лично совершать преступления. По мере погружения в преступную жизнь Саксон становится все более неуравновешенным. С первого взгляда фильм кажется типичным боевиком с главным героем, работающим под прикрытием. Однако во время просмотра осознаешь, что смотришь настоящую психологическую драму, рассказывающую о том, как человек ломается, находясь внутри криминальной системы. Это подпитывается и личными проблемами Дэниела: маниакальные наклонности в нем сочетаются с большим комплексом вины, усугубляя и без того сложную ситуацию.;Развлечения
Деми Мур получит звезду на голливудской Аллее славы! А благодаря «Субстанции» мы уже знаем, как она будет выглядеть. Если серьезно, то актриса прошла длинный путь: от мирового успеха в 1990-х до неожиданного заката карьеры, а потом — триумфального возвращения. Подробнее о фильмографии и судьбе Деми Мур можно узнать в нашем видеоэссе на YouTube и в VK Видео. А именную голливудскую звезду актрисе установят в 2026 году.;Развлечения
Марти Макфлай и Док Браун впервые появились на экране 40 лет назад — да, именно столько исполнилось сегодня великому фильму «Назад в будущее» ?? А вот как познакомились герои? В трилогии ведь об этом не говорят. Зато рассказываем мы в новом #КП_Видео.;Развлечения
#ФильмДня — «Планета Ка-Пэкс», загадочное кино на грани между фантастикой и психологической драмой, в котором главные роли сыграли Кевин Спейси и Джефф Бриджес. С одной стороны здесь — Прот, таинственный мужчина, у которого нет никакого удостоверения личности и который спокойно говорит всем, что он не человек, а капэксианин. Выходец с далекой планеты, которая по уровню развития далеко впереди Земли.  С другой — известный психиатр Марк Пауэлл, который видит перед собой, казалось бы, совершенно обычного мужчину, называющего себя пришельцем. Дело ясное, психическое расстройство. Вот только никаких признаков болезни найти не удается, а намеков на то, что это действительно кто-то инопланетный, все больше. На этой двойственности, зыбкости и держится «Планета Ка-Пэкс». Вроде бы понятно, что речь идет о мягкой форме безумия. Но разве инопланетянин, если бы он существовал, не вел бы себя именно так, как Прот? «Пока. Привет. Вот и я вернулся», — отвечает он, когда его просят показать путешествие со скоростью света, и это выглядит смешно. А потом Прот безошибочно рисует карту системы, где находится его родная планета, и что можно сказать на это? Сложнейший баланс между жанрами, вопросами и ответами сохраняется до конца, и именно благодаря ему этот фильм из просто необычного превращается в великолепный.;Развлечения
Овечкин побил «вечный рекорд» Гретцки, забив 895-ю шайбу в матче с «Нью-Йорк Айлендерс», и установил исторический рекорд в НХЛ, став лучшим снайпером всех времён;Спорт
В CS2-составе Team Spirit произошли изменения: российский игрок Иван zweih Гогин официально стал новым участником команды. 17-летний киберспортсмен занял место Бориса magixx Воробьёва, которого перевели в запас. Для zweih переход в Spirit стал шагом вперёд в его карьере: до этого он представлял Nemiga Gaming, а также выступал за VaselineWorms, POLET и HOTU Academy. По данным статистики за последние три месяца, рейтинг игрока составляет 1.16. Несмотря на возраст, Иван Гогин успел проявить себя на тир-1/тир-2 сцене. Особенно он запомнился в составе Nemiga Gaming, за который играл с июня 2024 года.;Спорт
Месси не поедет к Роналду. На днях в прессе появилась информация о том, что подписать Лионеля Месси хочет саудовский «Аль-Ахли». Впрочем, звёздный аргентинец не поедет в лигу Криштиану Роналду. Об этом сообщил в социальных сетях известный журналист Гильем Балаге, биограф Месси. Информацию о Месси и «Аль-Ахли» Балаге назвал фейковой. Журналист отметил, что 38-летний футболист не контактировал с клубами из Саудовской Аравии. Балаге подчеркнул, что Месси продолжает переговоры с «Интер Майами» о продлении контракта. Также Балаге сделал прогноз – Месси продлит контракт с клубом МЛС и выступит за Аргентину на чемпионате мира следующим летом.;Спорт
Virtus.pro победила на IEM Rio Major 2022 по CS:GO. В финале она обыграла Heroic со счетом 2:0 — 16:12 на Mirage и 16:5 на Overpass. За первое место коллектив Джами Jame Али заработал $500 тыс. и слоты на IEM Katowice 2023 и BLAST Premier: World Final 2022. Обе команды вышли в плей-офф со статистикой 3:1 в стадии Legends. В четвертьфинале Heroic оказалась сильнее Team Spirit, а затем в полуфинале одолела FURIA Esports. На пути к решающему матчу VP победила Fnatic и MOUZ. IEM Rio Major 2022 прошел с 31 октября по 13 ноября в Рио-де-Жанейро, Бразилия. Команды разыграли призовой фонд в размере $1,25 млн. ;Спорт
В Копенгагене завершился The International 2024 — главный турнир по игре Dota 2. На протяжении двух недель лучшие команды мира вели борьбу за престижный трофей и призовой фонд в размере $ 2,6 млн. Чемпионом стала шведская команда Team Liquid, обыграв в финале европейскую Gaimin Gladiators с Антоном dyrachYO Шкредовым в роли керри. Третье место заняла Tundra Esports, в которой выступает два игрока из России.;Спорт
Финал Кубка УЕФА 2008 года — финальный матч розыгрыша Кубка УЕФА 2007/08, 37-го сезона в истории Кубка УЕФА. Этот футбольный матч состоялся 14 мая 2008 года, на стадионе «Сити оф Манчестер» в Манчестере. В матче встретились российский «Зенит» и шотландский «Рейнджерс». Этот матч стал вторым еврокубковым финалом (после финала Кубка УЕФА 2005), до которого дошёл российский футбольный клуб.;Спорт
Драфт НБА — ежегодная процедура выбора тридцатью клубами Национальной баскетбольной ассоциации новых баскетболистов, которые хотят вступить в лигу. Обычно эти игроки — выпускники американских колледжей, однако в последние годы увеличилось число игроков, попадающих в НБА из других стран или только что окончивших школу. В 2006 году НБА приняла меры, чтобы сократить число недоучившихся баскетболистов в лиге, теперь игроку на конец года, в котором проходит драфт, должно быть минимум 19 лет и он должен окончить школу не менее чем за год до этого. Как правило молодые игроки идут после школы в колледж, учатся там хотя бы год, после чего выставляют свои кандидатуры на драфт. Первым исключением из этого правила стал Брендон Дженнингс, не поступивший в колледж после школы, а проведший один сезон в итальянском профессиональном клубе, после чего выбранный на драфте 2009 года клубом «Милуоки Бакс».;Спорт
«Парни, шо мы надрафтили…» —Pure~ сыграет на Hoodwink на первой карте против Team Falcons BetBoom Team взяли Белку на закрывающий пик. Заготовка или поплава?;Спорт
jks перешел из Team Liquid во FlyQuest. Киберспортсмен представлял состав Liquid по CS2 с июля 2024 по апрель 2025 года. Затем три месяца jks просидел в инактиве.;Спорт
Collapse пообещал жару во второй день Riyadh Masters 2025. У нас 50 градусов. Сегодня будет жара лютая. Мы играем против Talon Esports. Там есть кукушнутый [Kuku] (смеется), а есть джокашнутый [Jhocam]. Мы просто будем очень сильно стараться — подготовились, в принципе, тоже хорошо. Как думаете, сможет ли Spirit одолеть Talon и заработать первую победу на Рияде?;Спорт
Dota 2 исполнилось 12 лет Официальный релиз игры состоялся 9 июля 2013 года. С днем рождения, Дота! Мы тебя любим, даже несмотря на то, что ты всё еще бета.;Спорт
Расписание второго дня Riyadh Masters 2025. Обращаем внимание на самые интересные матчи: BetBoom Team vs Falcons (14:30 мск), VP vs Team Yandex (17:00 мск), Tundra vs Aurora (17:00 мск) и PARIVISION vs Liquid (19:30 мск). Трансляции, положение команд в группах и прочее доступно в нашем репортаже.;Спорт
Завершился первый игровой день на Riyadh Masters 2025 Все матчи в группах A и B закончились ничьими. В группе C победы одержали Aurora и Tundra, а в группе D — Team Liquid и PARIVISION. Удивил ли вас первый день Рияда?;Спорт
"#итогидня Подборка новостей к концу вторника (08.07): Dota 2: — Lorenof про Fng на посту тренера Virtus.pro: «Тренировки стали более дисциплинированными» — GpK~ после матча с Gladiators: «В первой игре нас все устраивало, просто совершили кучу критических ошибок» — Pure~ после ничьей с Gladiators: «Мне просто обидно, что мы проиграли карту этим ребятам» — Gorgc: «GpK~ определенно лучший мидер прямо сейчас» — N0tail завершил карту за OG со статистикой 0/12 — клуб всухую проиграл в финале CCT Season 2 Series 2 — Stray228 анонсировал «Будку 2» — комьюнити-каст Riyadh Masters 2025 с TpaBoMaH, ybicanoooobov и секретным гостем — Miposhka после матча с Xtreme Gaming: «Мы хорошо отыгрывали до того момента, когда напали на Juggernaut»  — RodjER: «Только Yatoro и Satanic могут выигрывать на жадных керри в нынешней мете» — ILTW: «Falcons — мясное мясо» — RAMZES666 про Riyadh Masters 2025: «Team Falcons — мясо нереальное какое-то» — N0tail вернулся в состав OG на третьей карте финала CCT Season 2 Series 2 — «Сегодня будем трахать» — Solo перед первым матчем Team Yandex на Riyadh Masters 2025 — «Когда я начинал, много предложений о 322 было. Наверное, поняли, что меня не возьмёшь» — интервью с Otaker о подставных матчах, мете и карьере  — RAMZES666: «Raddan по стрейфам в какой-то нереальной зоне»  — Nix пропустит первые дни Riyadh Masters 2025 — Fishman покинул 1win Team — Larl перед матчем против Xtreme Gaming: «Думаю, к этой серии они подготовились лучше, но и мы точно слабее не стали» — Niku о Dota 2: «Чтобы играть на высоком уровне, тебе нужен опыт с самого детства. В LoL ты можешь разобраться за месяц» — Eiritel: «Не могу поверить, что закончился противный кусок сезона, где половина команд ""чиллит, чтобы не устать к Рияду""» ??CS2: — Zorte после ухода из BetBoom Team: «Ещё один сезон без изменений был бы для меня тяжёлым на 100%» — JL после ухода из NAVI: «Хочу взять небольшой перерыв на шесть месяцев, может быть, меньше» — Thorin высмеял donk за пост о magixx: «Вы же сами его кикнули, бро» — JL покинул Natus Vincere — Кто такой zweih — 15 интересных фактов о новом игроке Team Spirit, о которых вы не знали — Аналитик про кик zorte: «Ему будет сложно вернуться на тир-1» — Spirit, Vitality, NAVI и Falcons поучаствуют в ESL Pro League Season 22";Спорт
"gpK~ подвел итоги матча против Gladiators на Riyadh Masters 2025 Серия закончилась со счетом 1:1. В видео для YouTube-канала BetBoom Team киберспортсмен рассказал, почему команда уступила на первой карте: [Вопрос: ""Пару недель назад играли против Gladiators в финале. Что с тех пор изменилось в вашей игре и игре GG?""] На самом деле ничего не поменялось. Они знают, что мы будем делать, мы знаем, что они будут делать. Нас ни чем не удивили. Драфты… Даже в первой игре нас всё устраивало, просто совершили кучу критических ошибок. Слишком много, что в моменте игра стала неиграбельна. Поэтому первую [карту] проиграли.";Спорт
Капитан 4Pirates Роман Otaker порассуждал о 322, мете и своей карьере Об этом и многом другом игрок поговорил с журналистом Cybersport.ru Ульяной uluskins накануне финала Чемпионата России Сбера 2025 по Dota 2. — Привет! Давай сначала поговорим про скандал с Lukas. Это, мне кажется, самое занимательное, о чём можно сейчас спросить. Как думаешь, что толкает игроков «трешить»? — Жадность. — Как будто прям больших денег тут не заработаешь. — Насколько известно, люди больше так могут заработать, чем честной игрой. — То есть на честной игре меньше, по-твоему? — Ну, это очень редко наказуемо. Даже в его случае, кажется, серьёзного наказания может не быть. Он испортил репутацию, конечно, но баны он вряд ли получит.;Спорт
jL прокомментировал свой уход в инактив Киберспортсмен отметил, что планирует отдыхать примерно полгода. При этом Юстинас допустил, что вернется в компетитив раньше. Некоторые из вас, возможно, слышали об этом, некоторые, возможно, нет, но я больше не являюсь частью активного состава Natus Vincere. Но прежде чем делать выводы, хотел бы отметить, что это было обоюдное решение. Как вы, возможно, заметили, 2025 год был не лучшим для NAVI, и я знал, что организация планирует замены. Я знал, что мне больше не нравится играть исключительно из-за моих собственных мыслей и того, что я чувствовал по отношению к игре, что я чувствовал по отношению к себе. Поэтому мы пришли к взаимному решению повысить Makazze и перевести меня в инактив. Но это потому, что я хочу взять небольшой перерыв на шесть месяцев, может быть, меньше, может быть, на три, четыре, пять. И есть много вещей, которые я хочу сделать.;Спорт
ESL объявила участников ESL Pro League Season 22 по CS2. 8 команд были приглашены сразу во вторую стадию. 12 коллективов позвали в первую стадию. Еще 4 состава пройдут на турнир через региональные отборочные. Чемпионат начнется в конце сентября. Он пройдет в Швеции.;Спорт
larl высказался перед матчем против Xtreme Gaming на Riyadh Masters 2025. Сегодня у нас первый матч в группе. Играем против Xtreme Gaming. Мы с ними уже играли на PGL Wallachia — тогда выиграли их со счетом 2:0. Было в целом не сложно. Думаю, к этой серии они подготовились [лучше], но и мы точно не стали слабее. Так что приходите, смотрите, болейте за нас. ;Спорт
Не забывайте поддерживать нас своим голосом по этой ссылке! За это Telegram насыпает каналу разные плюшки. Вам не сложно, а нам приятно ????? ?? https://t.me/boost/csru_official;Спорт
НАЧИНАЕТСЯ ПРАЗДНИК ДОТЫ Сегодня стартует Riyadh Masters 2025. Чемпионат пройдет с 8 по 19 июля в Эр-Рияде, Саудовская Аравия. 16 команд разыграют $3 млн. Откладываем все дела и смотрим! Статистика, стримы, результаты матчей и другие полезности доступны в нашем репортаже. ХАЙП ;Спорт
s1ren и ArtFr0st покреативили в честь объединения их дуо в BetBoom Team. Ранее киберспортсмены вместе играли за Team Spirit. Ролик был опубликован в Telegram-канале s1ren.;Спорт
zorte покинул состав BetBoom Team по CS2. Киберспортсмен переведен в запас. На ближайшем турнире за команду на правах аренды выступит ArtFr0st. Состав BetBoom Team: s1ren, Magnojez, Ax1Le, Boombl4, ArtFr0st (аренда).;Спорт
zweih официально присоединился к Team Spirit на место magixx Состав команды: chopper, zont1x, donk, sh1ro, zweih, hally (тренер).;Спорт
magixx официально покинул состав Team Spirit по CS2 Киберспортсмен представлял клуб почти шесть лет.;Спорт
s1mple: «Почти уверен, что найду себе новый дом до конца 2025 года» Похоже, Саня очень хочет полноценно вернуться на профессиональную сцену Counter-Strike. Интересно, за кого в итоге будет играть снайпер.;Спорт
«Отель вообще суперский» — DM показал номер игрока на Riyadh Masters 2025 Киберспортсмен запостил «кружок» в своем Telegram-канале. Как вам номер? — сразу виден уровень шейхов;Спорт
"#итогидня Подборка новостей к концу воскресенья (06.07): Dota 2: — Dyrachyo поучаствует в освещении Riyadh Master 2025 — Talon окажется выше Spirit, Xtreme и NAVI — Panto показал свой прогноз на групповую стадию Riyadh Masters 2025 — Korb3n о Satanic: «Очевидно, что у него в карьере будет уровень игры выше, чем сейчас» — Munkushi~ представил тирлист керри в патче 7.39c — Miposhka перед Riyadh Master 2025: «Надеемся на лучший результат, на успех. Заряжаем себя тоже на успех» — 4Pirates стали победителями Чемпионата России Сбера 2025 по Dota 2 — AFK30 заняла третье место на Чемпионате России Сбера 2025 по Dota 2 — Malr1ne о Falcons на Riyadh Master 2025: «Надеюсь, что всё будет хорошо, и мы встанем на колени» — Фанатка LenaGol0vach подарила стримеру картины ручной работы — Dendi: мне интересна League of Legends, но немного соскучился по Dota 2 ??CS2: — Team Falcons запустила академию — подать заявку могут все желающие — Wildcard представила замены stanislaw и phzy — Zeus объяснил, почему не хочет работать тренером — Team QUAZAR заняла третье место на Чемпионате России Сбера 2025 по CS2, обыграв vezet — Norwi о трансферном рынке: «Сейчас люди до конца контракта могут скамейку греть и [терять] лучшие годы карьеры» — Molodoy: «Когда мне первый раз пришла зарплата от FURIA, родители посмеялись и сказали: ""Ты что, банк ограбил что ли?""» — Harumi: трансфер zweih в Team Spirit совершён — VP с Astralis, BetBoom Team с Heroic — стали известны группы FISSURE Playground #1";Спорт
4Pirates выиграли Чемпионат России Сбера 2025 по Dota 2. В финале коллектив Антона PERDAN4IK одолел 20Twice. Матч закончился со счетом 2:0.;Спорт
Определился бронзовый призер Чемпионата России Сбера 2025 по Dota 2 В матче за третье место AFK30 победила Prime Time — встреча завершилась со счетом 2:1. За топ-3 команда заработала 250 тыс.;Спорт
"Miposhka высказался перед стартом Riyadh Masters 2025. Вылетаем в Эр-Рияд. Миссия у нас — выжить, в первую очередь. Надеемся у нас всё получится. У нас два менеджера, которые будут следить за нашим здоровьем, за нашими жизнями. Также немножечко поиграем в ""Доту"", позаписываем контентика. Надеемся на лучший результат, на успех. Заряжаем себя тоже на успех. Так что смотрите, поддерживайте, болейте.";Спорт
"Malr1ne собрался встать на колени на Riyadh Masters. Вероятно, мидер Team Falcons просто оговорился, и имел в виду «встанем на ноги». Получилось мемно. Главное, чтобы фраза не стала пророческой. Через 2,5 часа у нас будет самолет в Доху, а из Дохи — в Эр-Рияд. 8 июля уже стартует Riyadh Masters 2025 — осталось чуть-чуть, и будем наслаждаться ""Дотой"". Как пойдет? Не знаю — будете наблюдать, будете болеть. Надеюсь, что всё будет хорошо и мы встанем на колени. Но пока я, по крайней мере, доволен нашей подготовкой. Очень доволен на самом деле, учитывая последние полгода. Поэтому буду надеяться на лучшее и просто стараться — вкладывать все силы. Там будет видно.";Спорт
G2 Esports хочет подписать игрока Fnatic в качестве замены Snax Об этом сообщил сайт HLTV. По данным издания, изначально G2 планировала выкупить xKacpersky из ENCE, но не смогла договориться с финским клубом.;Спорт
#итогидня Подборка новостей к концу субботы (05.07): Dota 2: — Kiritych про тренера Fng в Virtus.pro: «Я думаю, это усиление» — Fng стал тренером состава Virtus.pro по Dota 2 — Shachlo про Team Yandex: «В нынешнем составе топ-8 крупного турнира — это их потолок» — Batrider, Naga Siren и Undying чаще всего оказывались в бане в матчах FISSURE Universe: Episode 5 — PARIVISION представила форму к Riyadh Masters 2025 — 4Pirates сразятся в финале Чемпионата России Сбера 2025 по Dota 2 — «Игра не закончена, пока она не закончена» — 9Class после поражения PARIVISION в гранд-финале FISSURE Universe: Episode 5 — «Игра не закончена, пока она не закончена» — 9Class после поражения PARIVISION в гранд-финале FISSURE Universe: Episode 5 — Tobi после FISSURE Universe: Episode 5: «Я настолько хорошо играю, что все только обо мне и говорят» — 20Twice вышла в финал Чемпионата России Сбера 2025 по Dota 2, обыграв AFK30 — Анонсирован шестой сезон турнира FISSURE Universe — «Tobi — GOAT ??» — miCKe после победы в гранд-финале FISSURE Universe: Episode 5 — Adekvat: «Надеюсь, то, что мы увидели от PARIVISION в эти два дня, — просто игра вполсилы и пыль в глаза» — ALOHADANCE о Satanic: «Мне казалось, что он гигарак. Оказалось все совсем наоборот» — SabeRLighT- потроллил PARIVISION: «Спасибо ей за то, что как всегда показала потрясающее спортивное поведение» ??CS2: — HLTV.org: G2 Esports рассматривает игрока Fnatic в качестве замены Snax — YYHuT прошла в финал Чемпионата России Сбера 2025 по CS2, обыграв Team QUAZAR — Harumi: Metizport хочет приобрести n0rb3r7 и Shalfey — Molodoy рассказал, насколько сильно решает пинг в Казахстане — Hesta обыграла vezet и вышла в финал Чемпионата России Сбера 2025 по CS2 — Harumi: «R3salt в шорт-листе Fnatic!» — Smooya заявил, что смог бы победить корову в рукопашном бою — Jerry назвал игрока, который может подойти BetBoom Team — Организаторы BLAST Open Fall 2025 объяснили, почему часть ивента пройдет в онлайне — На FACEIT добавили отслеживание блокировок игроков в прямом эфире — Donk подарил Evelone статуэтку «Лучшего энтри-фрагера 2024 года» от HLTV.org — S1mple ответил Zeus на счет своей самоуверенности на мейджоре: «Не надо нести бред, спасибо»;Спорт
fng стал тренером Virtus.pro. Артем поможет команде на Riyadh Masters 2025. А останется ли бывший про-игрок тренером коллектива после турнира — решат по результатам.;Спорт
kyousuke открыл новый стиль стрельбы в CS2? У киберспортсмена есть привычка зажимать правую кнопку мыши во время спрея. При этом когда Максим тапает, то как обычно нажимает только ЛКМ.;Спорт
4Pirates с PERDAN4IK прошли в финал Чемпионата России Сбера 2025 по Dota 2 В полуфинале коллектив оказался сильнее Prime Time. В решающем матче 4Pirates встретятся с 20Twice.;Спорт
s1mple и Zeus устроили словесную дуэль. Бывший киберспортсмен высказался с критикой в адрес s1mple по поводу игры снайпера на мейджоре. Костылев отреагировал. Позже Zeus сказал, что не хотел обидеть s1mple. Ему просто показалось, что снайпер расслабился раньше времени. В общем, дед с батей сцепились и испортили всем… Ну вы поняли.;Спорт
«Спасибо PARIVISION за то, что она как всегда показала потрясающее спортивное поведение» — SabeRLighT потроллил PARIVISION Суть в том, что во время вчерашнего гранд-финала Dukalis несколько раз в токсичной манере высказался в сторону SabeRLighT. Например, он написал «Всё еще бот» и «Вы проиграете со счетом 2:3, зачиллься». Конец истории мы знаем — PARIVISION уступила со счетом 0:3.;Спорт
Битва победителей двух последних ЛЧ Центральный матч дня — просто топ. Обе команды недавно выиграли Лигу чемпионов. «Реал» — в сезоне 2023/2024, а «ПСЖ» — действующий обладатель титула. Мбаппе против бывшей команды! В первом же сезоне без Килиана парижане взяли ЛЧ, Лигу 1, Кубок и Суперкубок Франции. Быть может, всё дело было в «Черепашке»? На кону выход в финал клубного ЧМ. У Хаби Алонсо есть отличный шанс взять первый трофей в Мадриде, но «ПСЖ» слишком привык побеждать во всех турнирах, в которых участвует. Просто обязательный к просмотру поединок!;Спорт
«Сдал нас!» Журналист испортил сюрприз для Овечкина Александр не знал, что его будут чествовать на Матче года в Москве. Но благодаря случайному вопросу всё вскрылось  Зато Сергачёв и Панарин впервые поздравили лично. Розыгрыш билетов и свитера с автографами Ови, Панарина и Сергачёва.;Спорт
«Торпедо» будет распущено, если РФС решит исключить клуб из РПЛ Об этом сообщил адвокат совладельца московского клуба Леонида Соболева Андрей Алёшкин. Также функционер считает, что «оснований для задержания арбитра Богдан Головко не было»;Спорт
Уволен один из самых успешных директоров в истории команд Формулы-1. Кристиан Хорнер покидает «Ред Булл» За более чем 20 лет работы при нём «быки» взяли 6 Кубков конструкторов, а пилоты 8 раз становились чемпионами мира (по 4 Феттель и Ферстаппен) Новым главой команды стал Лоран Мекис, ранее занимавший аналогичный пост в «Рейсинг Буллз» Ранее различные инсайдеры сообщали, что на ограничении полномочий Хорнера в команде или даже на его увольнении настаивала сторона Ферстаппена. В прошлом году одна из сотрудниц «Ред Булл» обвинила Кристиана в сексуальных домогательствах. Позже обвинения с него были сняты.;Спорт
Просто победный гол Германии на женском Евро. После того, как футболистка сборной Дании смачным выносом попала в голову своей же партнёрше Немки воспользовались отскоком и в итоге выиграли 2:1  Комбинация года, не иначе.;Спорт
Капитан «Лас-Пальмаса» второй раз победил рак. В августе 2022 года у полузащитника Кириана Родригеса была диагностирована лимфома Ходжкина — опухолевое заболевание лимфатической системы. Испанец пропустил 6 месяцев, справился с болезнью и вернулся на поле Однако через два года случился рецидив. В 2025-м Кириан снова приостановил карьеру, прошёл химиотерапию, а теперь опять возвращается в футбол. Второй раз. Да, изменившись до неузнаваемости без волос и бороды. Но какая же это мелочь в борьбе за жизнь.;Спорт
Ещё один молодой перспективный новичок «Челси». После полуфинала КЧМ лондонцы подогнали именную футболку 40-летнему Тьяго Силве. И сфоткали его как на презентации.;Спорт
Судью решающего матча «Торпедо» задержали сотрудники полиции По версии следствия, Богдан Головко сознательно совершил ошибку в пользу московского клуба во время игры против «Камаза». Это был матч последнего тура Первой лиги. Он имел решающее значение для определения команд, которые выйдут в РПЛ Теперь футбольному судье грозит до 7 лет лишения свободы.;Спорт
«ЧЕЛСИ» — ФИНАЛИСТ КЛУБНОГО ЧЕМПИОНАТА МИРА — 2025. Зарешал в матче против «Флуминенсе» нападающий лондонцев Жоао Педро — дубль у парняги. Этот матч являлся для него дебютным в стартовом составе лондонского клуба. Отдельные аплодисменты 44-летнему вратарю Фабио и 40-летнему защитнику Тьяго Силве. Ветераны бились до конца за свой бразильский клуб.;Спорт
Судьба «Торпедо» решится 10 июля. В четверг состоится заседание контрольно-дисциплинарного комитета РФС. К этому моменту КДК получит необходимые экспертизы по делу клуба. «Торпедо» грозят отельные санкции или всё сразу: штраф в размере до 50 000 000 рублей, снятие очков в количестве до 15, исключением из числа участников соревнований, лишением завоеванных наград. Накажут исключением из РПЛ?;Спорт
Изменение правил в ЛЧ. С нового сезона в плей-офф Лиги чемпионов, Лиги Европы, Лиги конференций и женской Лиги чемпионов отменится жеребьевка домашних и выездных матчей. Преимущество игры дома в ответных матчах получат клубы, занявшие более высокое место на общем этапе Так в прошедшем сезоне в 1/4 финала Лиги чемпионов «Реал» сыграл второй матч против «Арсенала» на «Сантьяго Бернабеу», несмотря на то, что занял более низкое место в таблице (11-е), чем канониры (3-е). Согласно новому правилу, второй матч должен был состояться в Лондоне.;Спорт
Сын Карло Анчелотти возглавил «Ботафого». Это первый опыт работы Давиде в качестве главного тренера. До сих пор он входил в штаб своего отца, работая с ним как в «Реале», так и в сборной Бразилии.;Спорт
Прокатиться с Макгрегором на Rolls-Royce? Пффф, легко. Конор пригласил в свою машину за $ 600 000 случайного работягу Парень не забудет этот день никогда.;Спорт
Джордан проиграл $ 500 000 в казино. Легендарная история из 1993 года, которая откликается и сегодня. В интервью баскетболист признал, что азартные игры стали для него проблемой и он часто попадал в ситуации, где не мог остановиться. Почему спортсмены особенно подвержены этой зависимости?;Спорт
В Москве пройдет Женский фестиваль спорта. Спортивное лето в столице продолжается! 12 июля в парке «Музеон» с 11:00 до 20:30 состоится Женский фестиваль спорта, организатором которого выступит Департамент спорта города Москвы. Участников ждут мастер-классы, тренировки, модные показы и паблик-толки. Хедлайнерами фестиваля станут актриса Ирина Горбачева, визажист и предприниматель Елена Крыгина и эксперт моды Владислав Лисовец. За музыкальное сопровождения отвечают артисты Алсу, Натан и Олег Майами. Сильный пол тоже не останется без внимания. В отдельном пространстве можно сыграть в настольные футбол и хоккей, попробовать силы в бадминтоне и фрисби. Для самых юных участников будет организована отдельная зона с аниматорами, аквагримом и дискотекой с мыльными пузырями. Все активности праздника бесплатные, для некоторых требуется регистрация.;Спорт
Минспорта РФ обсуждает с РФС ужесточение лимита на легионеров По информации Андрея Панкова, одним из основных вариантов, который рассматривает Минспорта, является лимит с 10-ю легионерами в заявке, из которых на поле одновременно может находиться только пять. Отмечается, что вопрос находится лишь в фазе обсуждения Надо ужесточать лимит?;Спорт
В мужской сетке Уимблдона россиян не осталось. Хачанов вылетел в четвертьфинале В битве за полуфинал Карена остановил Тейлор Фриц. При этом в третьем сете Хачанов едва не повесил американцу баранку — 6:3, 6:4, 1:6, 7:6 (7:4) Достойно сражался. Аплодируем нашему парню.;Спорт
Жота был за рулём машины и серьёзно превысил скорость перед смертельным ДТП. Испанская полиция поделилась подробностями расследования В заявлении региональной гражданской гвардии говорится, что экспертное заключение ещё не завершено, но находится на финальной стадии. «Все имеющиеся на данный момент доказательства» указывают на то, что водителем автомобиля был Диогу Также полиция заявила, что в момент аварии «транспортное средство значительно превысило разрешённую скорость» Помимо прочего, изучаются следы колёс. Всё указывает на то, что во время обгона лопнула шина, из-за этого автомобиль улетел с дороги, после чего загорелся.;Спорт
У Захаряна снова травма? По информации Mundo Deportivo, Арсен досрочно завершил тренировку в «Реале Сосьедад» из-за болевых ощущений Однако брат футболиста пояснил ситуацию так: «?Без паники и спокойно! У Арсена отдельный план подготовки. Его плавно подводят к команде. В каких-то упражнениях не принимает участие. Сразу в нагрузку не пускают»? За последние 14 месяцев россиянин провёл лишь 4 матча в феврале.;Спорт
«Флуминенсе» — самая возрастная команда КЧМ. Огромная разница с молодёжью «Челси». 44-летний вратарь Фабио, 40-летний центральный защитник Тьяго Силва, 37-летний нападающий Кано. А у «Челси» нет ни одного игрока даже старше 27 лет?! Несмотря на возраст, ветераны тащат бразильский клуб. Силва выдаёт мощные речи в раздевалке и вносит изменения в игру. Главный тренер сам называет капитана «тренером на поле».;Спорт
Джикия приступил к тренировкам с «Антальяспором» ???? Защитник подписал контракт с турецкой командой, но переход пока не оформлен из-за трансферного бана ФИФА. В руководстве клуба уверены, что в ближайшее время все ограничения будут сняты  По информации агента Джикии, если случится форс-мажор и с «Антальяспора» не снимут бан, игрок может покинуть команду ?? Чемпионат;Спорт
«ПСЖ» остался без двух игроков до самого конца КЧМ. Пачо и Лукас Эрнандес получили двухматчевые дисквалификации и не помогут команде даже в случае выхода в финал. ФИФА объявила о наказаниях для игроков, получивших красные в четвертьфиналах КЧМ. Защитник «Реала»Дин Хёйсен отделался одноматчевым баном. А вот игроки «ПСЖ» получили по две игры. Как пояснила ФИФА, всё решила сила и агрессивность, с которыми были совершены нарушения парижан.;Спорт
Тьяго Силва. «Челси». В битве за финал клубного ЧМ «Флуминенсе» сыграет с «Челси». Капитан бразильцев Тьяго Силва наверняка постарается огорчить бывший клуб, в котором провёл четыре насыщенных года. Силва выступал за «Челси» с 2020 по 2024 год и даже был капитаном. В его активе более 150 матчей за «аристократов» и неофициальное звание любимчика лондонских фанатов. Защитник помог лондонцам выиграть Лигу чемпионов-2020/2021. В том же сезоне «синие» взяли Суперкубок УЕФА. Кстати, Силва выиграл с командой и клубный ЧМ, так что опыт победного розыгрыша турнира у него уже есть. Тьяго всегда с теплотой отзывался о времени на «Стэмфорд Бридж»: «Я очень горжусь тем, что являюсь частью семьи «Челси». Моя любовь неописуема. Синий однажды — синий навсегда». Теперь 40-летний игрок может не пустить свою экс-команду в финал.;Спорт
Ди Мария вернулся в родной клуб и не сдержал слёз. Именно в «Росарио Сентраль» Анхель начинал свой футбольный путь, а в 2007-м покинул клуб и отправился покорять Европу.  Спустя 18 лет он снова дома. Трогательные кадры с презентации.;Спорт
Тренер Мареска долго пожаловался, что у «Челси» много матчей. А потом узнал, сколько сыграл «Флуминенсе».  Бразильский журналист поставил Энцо на место. Теперь тренер «Челси» знает чуть больше о южноамериканском футболе.;Спорт
«Краснодар» согласовал трансфер лучшего ассистента Лиги 1 Гаэтана Перрена из «Осера». Об этом сообщает Фабрицио Романо. Стоимость сделки составит € 4,5 млн. В минувшем сезоне Перрен принял участие в 35 матчах, в которых забил 10 мячей и отдал 11 результативных передач. Топ?;Спорт
Шок! Синнер проигрывал 0:2 по сетам, но вышел в четвертьфинал Уимблдона на отказе Димитрова. У болгарского теннисиста возникли проблемы с грудной мышцей, и он не смог продолжить матч ?;Спорт
Антон Зиньковский перешёл из «Спартака» в «Сочи» на правах аренды. Срок соглашения рассчитан до конца сезона-2025/2026. Игрок будет выступать за «Сочи» под номером семь.;Спорт
Мирра в 1/4 Уимблдона! Андреева становится третьей россиянкой, пробившейся в четвертьфинал Андреева, Самсонова, Павлюченкова — жгите дальше, девчонки!;Спорт
Щенсны остаётся в «Барселоне». Войцех продлил контракт с клубом до 2027 года.;Спорт
Джокович — машина! Новак слил первый сет в игре с де Минором, но затем собрался и не оставил шансов австралийцу. Великий серб в четвертьфинале Уимблдона.;Спорт
Разъярённые футболисты «Баварии» пытались ворваться в раздевалку «ПСЖ», чтобы заставить Доннарумму извиниться перед Мусиалой, которому тот нанёс серьёзную травму во время игры. Об этом сообщил бывший футболист немецкой команды Рафинья. «Футболисты „Баварии“ умеют достойно проигрывать, я хорошо их знаю. Они хотели, чтобы Доннарумма хотя бы извинился перед Мусиалой, ведь они видели, насколько серьёзна эта травма. После игры в раздевалке были разговоры на повышенных тонах. Футболисты пошли в раздевалку „ПСЖ“ за Доннаруммой, чтобы потребовать извинений, они обменялись крепкими выражениями. Они потребовали этого, ссылаясь на некий „кодекс этики“, хотя он и не нанёс эту травму специально».;Спорт
Мировой рекордсмен по поеданию хот-догов выиграл 17-й титул за 19 лет. Он слопал больше 70 штук за 10 минут. Американец Джоуи Честнат по прозвищу «Челюсти» вновь подтвердил звание главного едока мира На очередном чемпионате Major League Eating он съел 70 с половиной хот-догов за 600 секунд, опередив ближайшего соперника на 24 штуки, и выиграв очередной горчичный пояс. Однако свой рекорд в 76 хот-догов Джоуи так не побил. На данный момент ему принадлежат 55 мировых рекордов в 55 дисциплинах.;Спорт
От 4-й лиги Ирландии до матчей против мировых звёзд. Защитник новозеландского «Окленда» Дилан Коннолли показал, как за 3 года прошёл путь от ирландских подвалов до клубного ЧМ.;Спорт
Экс-игрок «Барселоны» Иван Ракитич объявил о завершении карьеры Последним клубом 37-летнего Ракитича был хорватский «Хайдук». Также он защищал цвета «Базеля», «Севильи», «Шальке», «Барселоны» и «Аль-Шабаба». Ла Лига х4, Кубок Испании х4, Суперкубок Испании х4, Лига Европы х2, Лига чемпионов, Суперкубок УЕФА, КЧМ, 1х Кубок Швейцарии.;Спорт
Шокирующая авария на легендарной трассе Нюрбургринг. Porsche 911 GT3 RS и BMW M2 не поделили дорогу во время туристической сессии. В рамках таких заездов любой желающий может платно проехать по 20,8 км трассы на своём автомобиле В результате аварии обе машины уничтожены. Переднюю часть кузова Porsche оторвало. Несмотря на шокирующие кадры с камеры на трассе, оба водителя остались живы.;Спорт
«Я отпустила прошлое». Честный разговор с Чикуновой – главной звездой российского плавания. Женя готовится к дебюту на чемпионате мира, который стартует уже 11 июля. ?? Высшее достижение в карьере Чикуновой прямо сейчас – медали чемпионата мира на короткой воде и чемпионата Европы. Выше – ничего нет. Хотя ещё в 2019-м, когда ей было 14, она могла поехать на большой ЧМ, но осталась вне заявки. Потом ковид, потом отстранение россиян, и наконец Женя едет на долгожданный чемпионат мира на большой воде! ;Спорт
На полуфинал клубного ЧМ за тысячу рублей. ФИФА в 36 раз снизила стоимость билетов на матч между «Челси» и «Флуминенсе» — с $ 473,9 до $ 13,4 (примерно 1 тысяча рублей). Лица тех, кто купил за 470 представили? ;Спорт
Мбаппе выложил фото с КЧМ со странными болельщиками  Пустые места зачем-то дорисовали очень криво то ли в фотошопе, то ли через нейросеть. Но получилось плохо.;Спорт
Луис Диас не приехал на похороны Жоты, потому что был на вечеринке у блогеров. Колумбиец решил не ехать на прощание с одноклубником, так как дорога заняла бы порядка 24 часов. А ведь Жота поддержал Диаса в октябре 2023-го, когда у того похитили родителей.;Спорт
Найден футболист с самым необычным именем. Лучшего бомбардира чемпионата Боливии зовут EFMAMJJASOND — по первым буквам названий месяцев. По-русски получилось бы Яфмамииасонд. Вот объяснения родителей, выбравших сыну такое имя: «Нам просто нравятся 12 месяцев в году». У парня даже было прозвище «Календарь». Но для большинства он Джейсонд Колумбиец сейчас выступает за «Олвейз Реди» и лидирует в бомбардирской гонке чемпионата Боливии. 11 голов за 13 матчей, два хет-трика — Календарь в полном порядке!;Спорт
Гениальное спасение защитника на последней минуте финала в Уругвае! Суперкласико «Насьональ» — «Пеньяроль». Последние секунды дополнительного времени при счёте 0:0. Игрок «Насьоналя» прокидывает мяч мимо вратаря, оказывается перед пустыми воротами — но золотому голу не быть! Максимилиано Оливейра доработал момент до конца и спас свою команду. После этого «Пеньяроль» победил в серии пенальти и впервые в истории выиграл «Торнео Интермедио».;Спорт
Рекорд Ямаля побит. 16-летний мексиканец стал самым молодым победителем турнира сборных в истории. Знакомьтесь: Жильберто Мора, игрок 2008 года рождения. На Золотом Кубке КОНКАКАФ полузащитник «Тихуаны» выходил в основе во всех матчах плей-офф, включая финал. А в полуфинале отметился победным ассистом. Кстати, когда Ямаль дебютировал, Жильберто было лишь 14 лет.;Спорт
Мексика победила США и выиграла 13-й Золотой кубок КОНКАКАФ. Почеттино был близок к первому трофею с американской сборной, но мексиканцы закамбэчили и защитили титул Кубок поднял 39-летний Очоа.;Спорт
Кроос оценил игру «Реала» на клубном чемпионате мира, работу Хаби Алонсо в Мадриде и высказался о проблемах команды в организации игры. «Реалу» по-прежнему не хватает игрока моего профиля. И они всё ещё ищут его. Подобных футболистов не так много. А тех, кто есть, нелегко заполучить. О работе Хаби в «Реале» судить ещё слишком рано. Нужно время, чтобы оценить изменения и реализацию его идей» Так может, вернуться и помочь?;Спорт
Алькарас выдал порцию комплиментов Рублёву. «Андрей — один из самых сильных, если не самый сильный игрок в нашем туре. Без сомнения. Очень сложно справиться с его агрессией, ударами, форхендами. Когда ты сталкиваешься с ним, то чувствуешь, как он доводит тебя до предела с каждым ударом из стороны в сторону» В хорошей форме Андрей. Карлос просто с другой планеты.;Спорт
Увы, Рублёв покидает Уимблдон Андрей забрал первый сет у Алькараса, но дальше испанец включился на полную мощность. Хачанов — единственный россиянин, пробившийся в четвертьфинал.;Спорт
Поиграл с Роналду, набрался опыта, теперь можно на повышение к Моуринью. Дуран перешёл в «Фенербахче» на правах аренды до конца сезона-2025/2026. По информации Фабрицио Романо, 21-летний нападающий принял решение о переходе в «Фенербахче» после того, как директор клуба Девин Озен приехал для переговоров в Колумбию.;Спорт
Где-то в этой горе трофеев скрывается настоящая Легенда. «Бавария» простилась с Мюллером, опубликовав фото Томаса со всеми трофеями, которые он выиграл в карьере. 756 матчей, 250 голов, 223 ассиста.;Спорт
«Зенит» проиграл «Балтике» в товарищеском матче. Калининградцы организовали 2 гола во втором тайме.;Спорт
Варди мог перебраться в Серию А, но Виейра заблокировал переход нападающего в «Дженоа». La Repubblica пишет, что условия сотрудничества с Джейми уже были согласованы, но тренер отказался от услуг английского нападающего.;Спорт
Хюлькенберг прокомментировал исторический первый подиум в карьере. «Приятные ощущения. Заняло немало времени, не так ли? Я всегда знал, что у нас получится когда-нибудь. Давненько тут не был. Отличная гонка — при старте почти с последнего места. Если честно, даже не знаю, как это произошло» Тот случай, когда третье место важнее первого.;Спорт
Норрис выиграл Гран-при Великобритании, Пиастри — второй, Хюлькенберг — третий Для немецкого пилота команды «Кик-Заубер» это первый подиум в карьере. Сегодня Нико Хюлькенберг провёл 239-й Гран-при в карьере. До сегодняшней гонки Хюлькенберг был рекордсменом Формулы-1 по количеству проведённых гонок без подиумов.;Спорт
Хачанов в четвертьфинале Уимблдона  Карен в 1/8 без проблем в трёх сетах разобрался с поляком Майхшаком. В Лондоне дальше 1/4 Хачанов не проходил, надеемся, что в этот раз удастся преодолеть барьер.;Спорт
СКА едет в гости на «СКА Арену» Бывает и такое. Армейцы перебрались в «Ледовый», а вот китайский «Куньлунь Ред Стар» теперь будет играть в Питере на «СКА Арене».  Так и получается, что 6 сентября СКА едет в гости к «Куньлуню», но по факту к себе домой.;Спорт
Мартин Субименди — игрок «Арсенала». Вновь Артета переманивает игрока «Сосьедада». Контракт на 5 лет, Сумма трансфера: €65 млн.;Спорт
Сегодня Питер не спал! Более 25 000 человек пробежали по Петербургу в рамках международного марафона «Белые ночи». Участники главного забега стартовали в 22:00, а финишировали после полуночи на Дворцовой площади. Более 9000 человек пробежали марафон, около 14 800 — преодолели дистанцию в 10 км. Также было 95 команд в эстафете и 38 студенческих команд. ;Спорт
Сестра Роналду ответила на критику в адрес игрока из-за его отсутствия на похоронах Жоты. «Когда умер мой отец, в дополнение к боли утраты нам пришлось иметь дело с потоком камер и любопытных зевак на кладбище и везде, куда бы мы ни пошли.  Больное общество… У всех есть семьи. Ужасно стыдно смотреть, как телеканалы, комментаторы, соцсети акцентирую внимание на отсутствие Криштиану, а не уважительно чтят боль искалеченной семьи, разрушенной потерей двух братьев. Мне стыдно смотреть на это. Подобное прискорбно».;Спорт
Азамат Бекоев — один из самых ярких новичков этого года в UFC, если не самый яркий. Россиянин был чемпионом LFA, а в 2025-м он уже оформил две победы нокаутом — над Закари Ризом и Райаном Лодером. В ночь на 3 августа Азамату предстоит третий поединок под эгидой промоушена, а соперником станет Торрес Финни. В интервью «Чемпионату» Бекоев рассказал, как стремился попасть в UFC, объяснил, почему выбрал именно Финни себе в соперники, и ответил на вопрос о своём гонораре. Также россиянин заявил, что готов биться с Чимаевым, и выразил мнение по поводу возможного боя Илии Топурии и Ислама Махачева.;Спорт
В МЛС вся команда отпраздновала победный гол на 90+11-й минуте в стиле Жоты. Хани Мухтар из «Нэшвилла» вбил гвоздь под перекладину с пенальти. Весь состав посвятил победу Диогу, повторив его празднование.;Спорт
АНКАРА МЕССИ! АНКАРА МЕССИ! Обыграл всю защиту соперника и гениальным голом оформил 2+1. В 38 лет Лео в одиночку развалил оборону «Монреаля». Просто взял мяч в центре поля и пошёл на всех.;Спорт
Мбаппе забил чудо-гол после выхода на замену и посвятил его Жоте. Килиан показал в камеру 20 — номер, под которым Диогу играл за «Ливерпуль». Достойный поступок француза.;Спорт
«Реал» — последний полуфиналист КЧМ. Мадрид разобрался с «Боруссией». Отметим Мбаппе, который вышел во втором тайме и положил шедевр. Итоговые 3:2 на табло после матча. Из отрицательного для Мадрида — красная Хёйсена. Полуфинальные пары смотрим на картинке.;Спорт
Мусиала сломал малоберцовую кость левой ноги. А ещё Джамал повредил нескольких связок. Срок восстановления — 4-5 месяцев  Здоровья!;Спорт
Московские врачи прооперировали пациента с гигантской липосаркомой, которая была признана неоперабельной. В Научно-клинический центр ФГБНУ «РНЦХ им. акад. Б.В. Петровского» поступил мужчина с гигантской липосаркомой средостения с врастанием в пищевод. Заболевание началось с появления одышки при физической нагрузке, которая затем стала проявляться и в покое. После обследования была диагностирована липосаркома средостения. Подробнее о случае рассказал заведующий отделением торакальной хирургии и онкологии РНЦХ им. акад. Б.В. Петровского, д.м.н. Дмитрий Базаров: «В медицинской литературе описано очень мало подобных случаев. Были проведены несколько курсов химиотерапии, которые не привели к уменьшению опухоли, а состояние больного быстро ухудшалось. Единственный шанс в данном случае — это хирургия. Операция представлялась весьма рискованной ввиду высокой вероятности развития тяжелых и даже фатальных послеоперационных осложнений».;Здоровье
Первая помощь: руководство по спасению жизни. Время — главный фактор в критической ситуации. Независимо от возраста и опыта, каждый человек может оказаться в ситуации, когда от его действий будет зависеть чья-то жизнь. Умение оказать первую помощь — это не просто навык, а ответственность перед обществом и самим собой. Представляем вашему вниманию брошюру «Первая помощь» - универсальное руководство для детей и взрослых, которое содержит базовые, но жизненно важные правила. Знание — сила, а умение применять его — спасение. Освойте базовые навыки оказания первой помощи и научите им своих близких.;Здоровье
В декабре прошлого года в Китае был впервые выявлен новый тип коронавируса, который получил название COVID-19. Вирус начал быстро распространяться по планете и 11 марта 2020 года ВОЗ объявила о начале пандемии коронавируса. COVID-19 опасен тем, что быстро попадает в дыхательные пути и вызывает тяжелую пневмонию. В группе риска пожилые люди в возрасте 65 лет и старше, страдающие хроническими заболеваниями. Специфических методов лечения и профилактики коронавируса нет, поэтому ВОЗ рекомендует придерживаться стандартных мер профилактики, которые актуальны во время эпидемии обычного гриппа.;Здоровье
"Российские ученые разработали инновационный метод контроля хирургических швов с помощью оптической оксигенации. Ученые из Инженерно-физического института биомедицины НИЯУ МИФИ создали уникальную методику, позволяющую оценивать качество хирургических швов на основе оптического анализа уровня кислорода в тканях. Эта технология помогает предсказывать риски расхождения швов после операций, что особенно важно при лечении онкологических заболеваний, например, рака кишечника. 
Как это работает?
Метод основан на спектроскопии – измерении рассеянного тканями света через оптоволокно, введенное в эндоскоп. Разница в поглощении света оксигемоглобином и дезоксигемоглобином позволяет оценить насыщение тканей кислородом по всей толщине органа.";Здоровье
Кофе на самом деле не бодрит кофеманов, говорят врачи. Если пить его постоянно, эффект будет обратным: организм привыкает к кофеину, и он больше не работает как раньше. В итоге каждая новая чашка не даёт энергии, а, наоборот, усиливает усталость, делает человека вялым и может вызывать перебои в работе сердца.;Здоровье
"Москва внедряет ""умный"" прием пациентов с помощью ИИ-агентов. Заммэра Москвы по вопросам социального развития Анастасия Ракова рассказала о новом этапе цифровизации столичной медицины. Теперь прием в медучреждениях станет еще более персонализированным благодаря искусственному интеллекту.
Саммаризация данных
ИИ-агент анализирует электронную карту пациента и выделяет только ту информацию, которая важна для текущего обращения - будь то жалобы на давление, боль в суставах или другие симптомы. Врач видит историю обращений, результаты исследований, назначенные препараты и даже вызовы скорой, связанные с проблемой.
Умная запись на прием
Пациент указывает цель визита в приложениях (""ЕМИАС.ИНФО"", ""Госуслуги Москвы"", ""Моя Москва"") или на порталах emias.info и mos.ru. Алгоритм задает уточняющие вопросы, чтобы точнее определить состояние и выявить возможные риски.";Здоровье
Власти Франции обеспокоены возможным возникновением эпидемий лихорадок денге и чикунгунья в европейской части государства из-за увеличения случаев заболеваемости. Об этом 26 мая сообщает телеканал BFMTV. «В регионе Овернь-Рона-Альпы наблюдается резкий рост числа случаев лихорадки денге и чикунгунья, органы здравоохранения опасаются эпидемии», — сообщается в материале.Для борьбы с распространением заболевания структуры здравоохранения используют «упреждающий подход». Уточняется, что причиной распространения болезни является проникновение в регион тигрового комара, через укусы которого и передается лихорадка.;Здоровье
Медицинский вуз начал выплачивать по 50 тысяч «стобалльникам»  Студентам, поступившим в Самарский государственный медицинский университет Минздрава России (СамГМУ), будут выплачивать по 50 тысяч за каждый предмет, по которому они набрали 100 баллов на ЕГЭ. Каждый студент-стобалльник, поступивший в СамГМУ в 2025 году, сможет получить до 150 тысяч за три максимальных результата. Единовременные выплаты студенты получат в конце 2025 года. В вузе также уже существуют меры поддержки для студентов, набравших на ЕГЭ более 270 баллов. Ежемесячно в первый год обучения они будут получать стипендию в размере 10 тыс. рублей. При необходимости им также гарантировано проживание в общежитии.;Здоровье
В Белгородской области начали накрывать бригады скорой помощи металлическими сетками для защиты от дронов Напомним, о том, что бригады скорой помощи начнут оборудовать антидроновыми сетками, ранее заявлял губернатор Белгородской области Вячеслав Гладков сообщал. Как теперь сообщают «РИА Новости» со ссылкой на главврача станции СМП региона Алексея Жирова, пять «скорых» уже получили такую защиту — они работают в Шебекино и Валуйках. Всего планируют оборудовать 15 машин СМП.;Здоровье
Госдума окончательно одобрила право врачей отклоняться от клинических рекомендаций. Минздрав получит право утверждать правила использования клинических рекомендаций в медицинской практике в рамках отдельного порядка. Соответствующий закон принят в третьем чтении в Государственной Думе.  Как пояснил один из авторов поправок, первый зампред комитета Госдумы по охране здоровья Бадма Башанкаев, новые правила позволят врачам действовать более гибко, учитывая индивидуальные особенности клинической картины каждого из пациентов. При этом также будут учтены реальные условия в регионах — финансовые, кадровые и технические возможности медучреждений.;Здоровье
Московские врачи впервые в России восстановили сустав пациента при помощи собственных клеток. В ФГАОУ ВО «Первый МГМУ имени И.М. Сеченова» Минздрава России поступил мужчина с повреждением хрящей коленного сустава. Травму он получил при падении, когда катался на сноуборде. Некоторое время он продолжал заниматься спортом, но вскоре его самочувствие ухудшилось. Мужчине требовалась операция. Восстановить коленный сустав взялись специалисты Сеченовского университета, но для этого была выбрана не классическая техника эндопротезирования, а современная методика реконструкции сустава с применением выращенной хрящевой ткани из клеток самого пациента. Подробнее о подготовке к операции рассказал «Российской газете» ортопед-травматолог, директор Клиники травматологии, ортопедии и патологии суставов Сеченовского Университета Алексей Лычагин: «В Клинике травматологии, ортопедии и патологии суставов Сеченовского Университета происходит взятие небольших участков хряща, которые сразу же транспортируются в лабораторию биофармацевтической компании — нашего партнера для культивации. На протяжении 5-8 недель идет процесс выращивания хондросфер, затем они фасуются в специальные катетеры — биомедицинский клеточный продукт готов к трансплантации». Хондросферы представляют собой своеобразные шарики, которыми в определенном порядке заполняются дефекты хрящевой ткани. «Постепенно они начинают делиться и активно продуцировать межклеточное вещество. Они достраивают хрящ в дефекте таким образом, что дефект закрывается новообразованным человеческим гиалиновым хрящом», — рассказывал в репортаже «НТВ» профессор кафедры травматологии, ортопедии и хирургии катастроф Сеченовского университета Евгений Калинский. По его словам, характеристики хондросферы соответствуют здоровому аутентичному хрящу человека, и через полгода они полностью заполняют собой дефект. Методика была разработана в Германии 15 лет назад, но сейчас доступна не во всех странах мира. В России такую операцию проводили впервые после длительных клинических исследований. Методику чаще применяют на коленных суставах. Учёные из Сеченовского университета в дальнейшем планируют применять технику для операций на плечевом, тазобедренном и голеностопном суставах. Сейчас пациент чувствует себя хорошо. Период восстановления после операции займёт у него несколько месяцев, всё это время ему будут проводиться контрольные МРТ-исследования. Через год он сможет вернуться к катанию на сноуборде.;Здоровье
"В ФОМСе заявили, что «скорую» стали реже вызывать из-за улучшений в амбулаторно-поликлиническом звене «Количество вызовов ""Скорой помощи"" сократилось на 4,4%. Мы видим, что увеличение объемов помощи в амбулаторно-поликлиническом звене приводит в итоге к снижению числа экстренных ситуаций», — цитирует «КП» председателя Федерального фонда ОМС Илью Баланина. Так, уточняется, что с января по май зафиксировано более 52 млн комплексных посещений (и диспансеризация, и профилактические осмотры детей или работников отдельных профессий). Также приводятся показатели диспансеризации репродуктивного здоровья: за этот же период зафиксировано 6 млн посещений.";Здоровье
Голикова заявила об увеличении количества женщин, отказавшихся от абортов «Доля тех, кто отказался от прерывания беременности, возросла почти до 25%. Этого все равно недостаточно, в этом направлении нам предстоит работать. Но, тем не менее, благодаря этому в 2024 году сохранено практически 42 тыс. рождений. И при нашей ситуации это достаточно хороший показатель», — цитируют вице-премьера Татьяну Голикову ТАСС. Отметим, что об увеличении количества женщин, которые отказались от абортов, сообщают и регионы. Так, в Минздраве Свердловской области отчитались о рекордно низком количестве абортов в 2024 году.  А губернатор Вологодской области заявил, что количество абортов сократилось в 13 раз. Отметим, что беременные жаловались на медучреждения региона из-за того, что им отказывают в проведении аборта без законных оснований якобы из-за особых «указаний из Вологды». Прокуратура подтвердила 7 фактов. В правительстве пояснили, что таких отказов нет, а на территории области разрабатывалась маршрутизация женщин, желающих прервать беременность.;Здоровье
Бастрыкин поручил возбудить уголовное дело против пациента, неоднократно нападавшего на медработников «скорой» Как сообщили в приемной председателя СК, нападение на сотрудников скорой помощи произошло в Казани в июне. Бригада скорой помощи прибыла на вызов к мужчине, который стал удерживать их в квартире, после чего избил врача. Отмечается, что ранее мужчина совершил аналогичное нападение на других медработников.;Здоровье
Власти Белгородской области отчитались о том, что дефицит врачей в регионе сократился в 6,5 раз, в том числе благодаря «целевикам». «За последние пять лет в регионе удалось сократить дефицит врачей с 674 до 105 мест, среднего медперсонала – с 1158 до 359 вакантных мест. На сегодняшний день в регионе обеспеченность отрасли кадрами соответствует требованиям, установленным Минздравом РФ», — сообщил губернатор Вячеслав Гладков. Как сообщает «РИА новости», одно из ключевых направлений работы — целевое обучение: «такая система подготовки кадров доказала свою эффективность, и регион будет продолжать развивать это направление». Региональные власти решили увеличить количество договоров целевого набора, которые заключат с будущими медиками. Так, в 2025 году студентов-целевиков медвузов станет на 20% больше - порядка 440 целевиков. «Для понимания эффективности: только в прошлом году у нас 300 человек наших детей-целевиков после обучения пришли работать в нашу систему здравоохранения», — рассказал губернатор. Еще одно решение Белгородской области — медицинские классы, которые начали работать с 2021 года. Если в 2021 году было 24 медицинских класса, сегодня их уже 38, а с нового учебного года будет уже 40.;Здоровье
Департамент здравоохранения проверит больницу после жалобы пациентки на медперсонал, который «сидит в телефонах». В Сети появилась публикация, в которой пациентка БУ «Сургутская окружная клиническая больница» пожаловалась на «плохое» медицинское обслуживание в неврологическом отделении.  Женщина пояснила, что в палатах не моются раковины и полы, отсутствует в нужном количестве горячая вода, не открываются окна, и установлены неудобные клеенчатые матрасы из-за которых сползает простынь и пациентам «становится плохо». Кроме того, пациентка осталась недовольна и медперсоналом: «Все работники сидят в телефонах, медсестра на обращения игнорирует. На замечание грубят технички. Только вид делают, что моют, тележка в коридоре стоит для виду». На жалобу отреагировали в департаменте здравоохранения региона, отметив, что главный врач учреждения взял ситуацию под личный контроль. «По фактам, изложенным в сообщении, в медицинской организации инициированы контрольные мероприятия. Ситуация находится на личном контроле главного врача. По результатам проверки будут приняты административные меры», — сообщили в ведомстве.;Здоровье
Работу частной клиники, где обещали вылечить аутизм альтернативными методами, приостановили на 90 дней. Напомним, психиатр Степан Краснощеков рассказал «Медицинской России», что в его адрес стали поступать угрозы от руководителя клиники «Планета мед», невролога, профессора Василия Генералова. Поводом для этого стало видео, в котором Краснощеков разбирает методы лечения аутизма, предлагаемые Генераловым.  Так, Генералов рассказывал, что диагноза аутизм нет, и все идеи о заболевании базируются на теории о нейровоспалении. Кроме того, пациентам перед лечением назначают ряд анализов, которые не обладают клинической значимостью. Стоимость курса варьируется от 300 тысяч до 12 млн рублей.  С 20 июня суд приостановил работу клиники на 90 дней, сообщил Краснощеков со ссылкой на постановление суда. Во время проверки были выявлены многочисленные нарушения санитарно-эпидемиологических норм: отсутствие необходимых лицензий вакцин у персонала, «захламленные» помещения. Не велись маркировка инвентаря и учет дезинфицирующих средств,. Также указано, что медицинская деятельность осуществляется «неустановленными лицами без оформленной документации».  Сам Генералов комментировать приостановку деятельности клиники не стал, анонсировав открытие записи на онлайн-консультации.;Здоровье
Московские врачи прооперировали пациента с гигантской липосаркомой, которая была признана неоперабельной В Научно-клинический центр ФГБНУ «РНЦХ им. акад. Б.В. Петровского» поступил мужчина с гигантской липосаркомой средостения с врастанием в пищевод.  Заболевание началось с появления одышки при физической нагрузке, которая затем стала проявляться и в покое. После обследования была диагностирована липосаркома средостения.  Подробнее о случае рассказал заведующий отделением торакальной хирургии и онкологии РНЦХ им. акад. Б.В. Петровского, д.м.н. Дмитрий Базаров: «В медицинской литературе описано очень мало подобных случаев. Были проведены несколько курсов химиотерапии, которые не привели к уменьшению опухоли, а состояние больного быстро ухудшалось. Единственный шанс в данном случае — это хирургия. Операция представлялась весьма рискованной ввиду высокой вероятности развития тяжелых и даже фатальных послеоперационных осложнений». Пациент ранее обращался за помощью в ведущие российские и европейские клиники, но там случай признали неоперабельным. Специалисты РНЦХ им. акад. Б.В. Петровского взялись за проведение хирургического вмешательства.  Операция длилась 16 часов, в ходе которой работали три бригады хирургов разного профиля: торакальная команда, аортальные хирурги и команда хирургии пищевода и желудка. Несмотря на то, что саркома располагалась вокруг аорты и пищевода, вросла в нижнюю долю правого легкого и стенку грудного отдела пищевода, её удалось удалить. Вес образования составил 4 кг 800 г. «Как и ожидалось, послеоперационный период протекал крайне тяжело. Для купирования смертельно опасных осложнений потребовалось выполнение серии операций, которые привели к ликвидации катастрофы. Благодаря мастерству команды реаниматологов профессора В.В. Никоды клиническим фармакологам РНЦХ во главе с Л.В. Селивановой, диагностическим службам, нашим экспертам в области КТ и эндоскопии, удалось справиться со всеми критическими нарушениями работы органов и пациент был выписан на 112 сутки после сложнейшей операции», — рассказал Дмитрий Базаров.;Здоровье
В Россию предложили приглашать на работу медиков из Кубы, чтобы восполнить дефицит кадров в здравоохранении Соответствующее предложение высказал в интервью «РИА Новости» главный экономист госкорпорации развития ВЭБ.РФ Андрей Клепач. Он отметил, что раньше в латиноамериканских и африканских странах работали от 20 до 40 тысяч кубинских медиков, которые вернулись на родину «из-за разных геополитических и прочих конфликтов». «В России сейчас дефицит врачей и медсестер, которых можно было бы привезти, допустим, из Кубы, уровень медицины которой весьма высок. Почему бы сейчас их не пригласить в Россию? Думаю, это было бы правильное решение», — сказал Клепач.;Здоровье
Мясников раскритиковал тарифы ОМС и призвал к реформе здравоохранения Медицинская реформа может начаться только через пять лет после того, как студентов начнут учить по-другому студентов, считает директор больницы Жадкевича Александр Мясников.  «Тут не обойдешься сменой министра, нужно изменить систему, создать другой механизм. Финансирование медицины не может быть по отдельным княжествам, как у нас сейчас, когда губернатор определяет, какие он будет платить зарплаты врачам».  Кроме того, Мясников отметил, что система ОМС становится «невыгодной» для бюджетных медучреждений. «Тарифы ОМС подняли так, что мне выгоднее в частной клинике больного провести через ОМС. Мне больше заплатит страховая компания. То есть по некоторым категориям оплата по ОМС стала для частников предпочтительнее. Однако не будем забывать что в частной больнице на самом деле главная задача – все-таки зарабатывание денег. Вы посмотрите все эти, извините, лжеобследования, которые не входят в ОМС», — считает он. Врач резюмировал, что многие частные центры вводят пациентов в заблуждение при назначении анализов и призвал не тратить свои деньги на «бесполезные бумажки», так как в полис ОМС включены все жизненно важные обследования.  Ранее Мясников уже заявлял, что система ОМС требует пересмотра и повышения «прозрачности».;Здоровье
Московские врачи исправили грубую деформацию позвоночника  В ФГБУ «НМИЦ ТО им. Н.Н. Приорова» Минздрава России поступил пациент с тяжёлым кифосколиозом, который проявился у пациента в возрасте трех лет.  Долгое время жалоб у пациента не было, он продолжал вести активную жизнь, получил профессию анестезиолога-реаниматолога. Были попытки исправления деформации при помощи корсета и вытяжения, которые не дали ощутимого результата.  Постепенно искривление стало причинять психологический и бытовой дискомфорт, появились боли. Мужчина обращался в различные ортопедические центры в России, Германии и Турции, но везде получил отказ.  Специалисты НМИЦ им. Приорова согласились на проведение операции. Хирурги провели трехколонную остеотомию типа VCR, коррекцию и фиксацию деформации. Пациенту удалили позвонок и ребро, а также имплантировали 21 винт и сетку для позвонка.  В послеоперационном периоде у мужчины начала нарастать неврологическая симптоматика в виде нижнего парапареза. Он восстанавливался при помощи реабилитологов, через месяц после операции он смог самостоятельно ходить.  Угол кифоза у него значительно уменьшился —  с 160 до 37 градусов. Рост мужчины увеличился с 153 см до 157 см.;Здоровье
Медработникам потребовалось пять дней, чтобы добраться до пациентки из кочевой семьи оленеводов. Вызов поступил от семьи кочевников из Томпонского района (Якутия), передает издание «ЯСИА» со ссылкой на центр медицины катастроф региона. Родители 14-летней пациентки сообщили, что их дочь пожаловалась на сильную боль в бедре, затем начался отек и конечность начала терять чувствительность.   Специалисты республиканского Центра медицины катастроф, анестезиолог-реаниматолог Виктор Потапов и фельдшер Борис Емельянов смогли добраться до места вызова только спустя пять дней после вызова из-за сложных метеоусловий в горном массиве Сунтар-Хаята.  «Мы ежедневно отслеживали изменения погоды и контролировали ход лечения ребенка. Семья поддерживала связь с нами через спутниковую связь, но были дни, когда дозвониться не удавалось», — пояснила руководитель оперативно-диспетчерской службы центра медицины катастроф Республики Марина Торонова. В Минздраве Якутии отметили, что пациентку доставили в Национальный центр медицины Якутии, ее состояние стабилизировалось.;Здоровье
Суд отказал пациентке в компенсации за якобы сокрытие рисков операции, выполненной 30 лет назад Пациентка обратилась в суд с иском к медучреждению, утверждая, что перед операцией в 1994 году ей не была предоставлена полная информация о возможных рисках, противопоказаниях и последствиях вмешательства. Как уточнили в пресс-службе суда, по мнению пациентки, это стало причиной рецидива заболевания (какого именно, не уточняется). Она требовала взыскать с больницы два миллиона компенсации морального вреда. Суды первой и апелляционной инстанций пришли к выводу, что причинно-следственной связи между действиями врачей и ухудшением здоровья нет.  Второй кассационный суд общей юрисдикции поддержал выводы судов. Он подтвердил, что пациентка была полностью проинформирована о предстоящей операции и возможных ее последствиях. Вины медицинских работников не выявлено.;Здоровье
Врача, пациент которого умер в подвале больницы, будут судить  Ранее сообщалось, что в середине декабря СПБ ГБУЗ «Городская Мариинская больница» был доставлен мужчина, который затем пропал. Позднее его мумифицированное тело было обнаружено в подсобном помещении медучреждения.  Уточнялось, в частности, что мужчину доставили избитым и в состоянии алкогольного опьянения, а на следующий день он самовольно покинул больницу. Пациент не предупредил медперсонал и не прошел курс лечения. Это расценили как отказ от медпомощи, поэтому выписали. Родственники же пациента утверждали следующее: «Сказали, что он сбежал, отдали какую-то бумажку. Это была выписка из больницы. В выписке было написано, что он упал в 3 часа ночи в туалете и в 10 утра — с лестницы. В 12:40 его не было в палате, мы обыскали всю территорию, нигде не нашли». Тогда было возбуждено уголовное дело по статье о халатности (ст. 293 УК РФ). Доклад о ходе следствия требовал председатель СК РФ Александр Бастрыкин.  Теперь в СК города сообщили, что завершено расследование уголовное дело против врача больницы по статьям об оставлении в опасности и подделке официальных документов (ст. 125 УК РФ, ст. 327 УК РФ). За время расследования допрошено более 60 свидетелей, специалистов и экспертов, проведено семь судебных экспертиз. По версии следствия, врач отделения, где проходил лечение пациент, через 15 минут после его пропажи выписал его из больницы за нарушение режима, «не приняв достаточных мер к его поиску и не убедившись, что последний покинул больницу». Кроме того, он внес ложные сведения в медицинские документы о проведенных им мероприятиях по поиску пациента. Уголовное дело передано в суд.;Здоровье
Врачам предложили выдать разрешение на отказ пьяным пациентам В России предложили разрешить врачам отказывать в плановой помощи пациентам, находящимся в алкогольном или наркотическом опьянении. С такой инициативой Национальная ассоциация управленцев здравоохранения (НАУЗ) обратилась в Госдуму, Совет Федерации и Минздрав, пишут Известия. В НАУЗ отмечают, что число случаев агрессивного поведения, оскорблений и нападений на медиков со стороны нетрезвых пациентов и их родственников растёт. Работа с такими пациентами не только малоэффективна, но и опасна, подчеркивается в обращении. Авторы инициативы предлагают разрешить врачам отказывать в амбулаторной помощи нетрезвым пациентам, если их состояние не угрожает жизни, не связано с травмами, острыми состояниями, обострением хронических болезней, экстренной медицинской помощью или лечением несовершеннолетних.;Здоровье
Новосибирские врачи прооперировали пациента с гигантской аневризмой брюшного отдела аорты В ФГБУ «НМИЦ им. ак. Е.Н. Мешалкина» обратился мужчина с сильными болями в спине. В 2023 году на диспансеризации у него была выявлена аневризма брюшного отдела аорты. Пациенту требовалась операция, которую были согласны провести специалисты Центра, но мужчина не приехал. За медпомощью он обратился только в 2025 году, когда его стала беспокоить боль в спине. Пациент приехал на консультацию к сосудистому хирургу в центр Мешалкина.  Подробнее о случае рассказал кардиолог Илья Иванов: «При клинических проявлениях надрыва брюшной аорты мешкать нельзя. Пациент был экстренно направлен на МСКТ-исследование с контрастированием, которое ему ранее не выполняли, и оно показало: аневризматический мешок достиг уже 26 см в диаметре и действительно имеет все признаки разрыва».  Пациенту требовалась неотложная операция, подготовка к ней заняла чуть более двух часов. Были проведены все диагностические обследования, осуществлен подбор донорской крови, собрана операционная команда во главе с заведующим кардиохирургическим отделением № 4 Павлом Игнатенко, разработан план операции. Уже в ходе оперативного лечения вскрылся полный масштаб патологии.  «По всей видимости, надрыв аневризмы произошел уже довольно давно, но привел не к быстрому кровоизлиянию и гибели пациента, а к хроническому подтеканию крови в сторону левого забрюшинного пространства и образованию в нем гигантского кровяного сгустка, закрывшего собой разорванную стенку.  Чтобы была понятна страшная картина, которую мы увидели во время операции, поясню: обычно задняя стенка аневризмы брюшной аорты ограничивается позвоночником — считается, что дальше ей уже некуда раздуваться. В этом случае аневризма окружала позвоночный столб со всех сторон и была заполнена тромбомассами, а задняя ее стенка была представлена полуразрушенными мышцами спины. Давление этой гематомы на позвоночник было настолько мощным, что разрушило тела двух позвонков — отсюда и мучительные боли в спине у мужчины», — рассказал Павел Игнатенко. Хирурги также столкнулись с тем, что на фоне воспаления возник спаечный процесс: к аневризме был припаян кишечник, бифуркация аорты была полностью запаяна. Специалистам удалось провести тотальное протезирование инфраренального отдела аорты. Операция длилась более шести часов.;Здоровье
"ХМС по Осипову: стоит ли платить за анализ микробиоты? Хромато-масс-спектрометрия (ХМС) — это метод, разработанный микробиологом Георгием Осиповым. Он предположил, что микробы, проживающие в кишечнике, выделяют особые молекулы-маркеры, которые в небольшом количестве попадают в кровь.  Осипов предложил искать эти молекулы с помощью ХМС в крови пациентов, чтобы оценивать состояние микробиоты их кишечника. Предполагается, что это должно помочь в диагностике и лечении некоторых болезней [1]. Такой анализ существует во многих клиниках и лабораториях. Его предлагают сдать при очень широких показания: при запорах и диарее, после приема антибиотиков и даже при болезни Крона. Стоит ли сдавать этот анализ?  Разбираемся вместе с нашими друзьями – телеграм-каналом ""Пей таблетки"" – и гастроэнтерологом клиники docmed Софьей Бакаевой  1?? Автор методики утверждает, что с помощью анализа можно определить около сотни разных жирных кислот, которые выделяют бактерии.  Однако по последним данным наш кишечник населяет не сотня, а несколько десятков тысяч микроорганизмов [2].  Поэтому по-настоящему полную информацию о микробиоме кишечника получить всё-таки не удастся. 2?? До сих пор не ясно, можно ли говорить о «нормальной» микрофлоре кишечника, или же её состав — наша уникальная черта [3]. Для микроорганизмов кишечника не существует общепризнанных нормативов по количеству. А значит, сложно судить об истинном «избытке» или «недостатке» того или иного вида бактерий.  ?? Сам автор признаётся, что на содержание некоторых жирных кислот в крови могут влиять не только бактерии кишечника, но и другие факторы вроде особенностей питания [4].  Например, некоторые жирные кислоты могут быть как метаболитом жизнедеятельности бактерии, так и продуктом переваривания пищи. Отличить их друг от друга невозможно. Таким образом, количество жирных кислот в крови не получается считать показателем, надёжно отражающим состав кишечной микробиоты. 4?? Результаты анализа микробиоты по Осипову выглядят внушительно: огромный список разных микробов, их концентрация, соответствие норме. Но вот только на основании этой информации не получится поставить диагноз и выбрать чёткую стратегию лечения. По крайней мере, если мы говорим о настоящих болезнях и эффективной терапии. Поэтому анализ микробиоты по Осипову не признан мировыми медицинскими сообществами и не включен в какие-либо рекомендации по лечению.  5?? Так как у ХМС нет единой трактовки результатов, то практически любому человеку, прошедшему анализ по Осипову, можно поставить дисбактериоз.  Но и такого диагноза не существует (а почему - рассказывали вот тут). К сожалению, попытки лечения дисбактериоза всё ещё встречаются.  В итоге платный анализ по Осипову приведет в лучшем случае к еще большим тратам и тревоге за своё состояние. А в худшем — навредит здоровью из-за отложенного назначения действительно необходимых методов диагностики и лечения. Поделитесь, назначали ли вам когда-нибудь ХМС по Осипову, для чего это делалось и как интерпретировались результаты?";Здоровье
Тепловой удар: как спастись от жары. Ближайшая неделя в Центральной России и многих других городах страны будет жаркой. Недавно даже жители Петербурга увидели солнце впервые с начала года — потом, правда, начался ураган Жаркая погода опасна для здоровья, особенно если много времени проводить на улице. В этом посте расскажем, как почему мы перегреваемся и как оказать помощь в такой ситуации. Автор: Владислав Ледовский В норме температура взрослого человека колеблется от 35,3 до 37,7°C. Чтобы не перегреваться, тело выделяет пот, который испаряется и забирает часть тепла. Но этот механизм не справляется, если температура окружающей среды очень высокая, а человек находится на жаре слишком долго.  Тогда развивается гипертермия — этот термин включает несколько состояний. Мы будем говорить о двух. Тепловое истощение. Это повышение температуры до 40°C, которое проявляется симптомами легкой или средней степени тяжести:  – сильная жажда, – слабость и быстрая утомляемость, – головокружение и головная боль, – частые дыхание и сердцебиение, – тошнота, – судороги и боль в мышцах, – потеря сознания. У детей симптомы такие же, но еще они могут стать необычно раздражительными и начать плакать. Объяснить, что с ним не так, ребенок может не всегда — особенно маленький. ?? Тепловой удар. Это тяжелая форма перегрева с температурой выше 40°C. Симптомы такие же, но сильнее. Плюс могут быть судорожный приступ и красная кожа, которая не выделяет пот.  Тепловой удар — это очень опасное состояние, которое может привести к коме, энцефалопатии и смерти, если вовремя не оказать помощь. Солнечный удар — это тот же тепловой удар, вызванный именно солнечными лучами.;Здоровье
Все, что нужно знать о здоровье почек: подборка от нефролога Данилы Пырикова. Мы редко говорим о болезнях почек и работе нефрологов, которых часто путают с неврологами. А зря. Почки умирают молча и не дают о себе знать до последнего, поэтому часто люди слишком поздно начинают лечение.  При этом у каждого 10-го жителя планеты есть хроническая болезнь почек (ХБП), а среди людей старше 65 лет — у каждого третьего. За последние 30 лет случаев хронической болезни почек стало больше на 41.5%.  Данила Пыриков — практикующий нефролог и наш коллега по миру популяризации доказательной медицины.  В своем канале Данила рассказывает, как сохранить здоровье почек и что делать если проблемы уже есть. Вот какие вопросы он разбирает: ? Как снизить креатинин? ? Зачем нужны статины при хронической болезни почек? ? Вредны ли мочегонные? Обезболивающие убивают почки! Какое давление должно быть при хронической болезни почек? Как курение вредит почкам? Если у вас или ваших близких уже стоит диагноз ХБП — загляните в закрепленное сообщение в канале Данилы. Там есть пошаговый план помощи почкам при этой болезни. Подписывайтесь на канал Данилы и контролируйте здоровье почек.  А еще Данила скоро появится на нашем сайте MedIQ в разделе амбассадоров. Поэтому наша рекомендация искренняя #mediq_здоровье;Здоровье
Венотоники в лечении болезней вен. Улыбающиеся женщины в платьях демонстрируют идеальные ноги на каблуках — и никаких выступающих вен, сосудистых звездочек или отеков. Примерно так выглядит реклама любого венотоника (флеботоника) — средства для лечения варикозного расширения вен нижних конечностей.  Среди заявленных эффектов — уменьшение венозного застоя, снижение проницаемости капилляров и отечности ног, однако особое внимание уделяется улучшению «тонуса вен». Отсюда и произошло название группы препаратов.  Некоторые производители подчеркивают, что их лекарство борется не только с симптомами, но и с причинами болезни [1].  Разбираемся, где правда, а где просто маркетинг. Эксперт: Евгений Круглов — сердечно-сосудистый хирург, флеболог, один из руководителей проекта «Актуальная флебология», объединяющего врачей и пациентов в поиске ответов на вопросы современной ангиологии. ?? Автор: Дина Муртазина Венотонизирующими свойствами могут обладать различные вещества: • Флавоноиды. Чистый диосмин (Флебодиа 600) и его смеси (микронизированная очищенная флавоноидная фракция, МОФФ) под торговым названием Детралекс и другими • Сапонины. Экстракты семян конского каштана, иглицы колючей, виноградных косточек и листьев красного винограда, экстракт гинкго двулопастного для приверженцев «натуральной» терапии • Синтетические препараты. Например, кальция добезилат • Гликозаминогликаны. Сулодексид, мезогликаны (Вессел Дуэ Ф) Результаты клинических исследований не так радужны, как рекламные слоганы ?? Венотоники уменьшают отечность голеней и лодыжек, а также неприятные ощущения в ногах по сравнению с плацебо. Они улучшают качество жизни, а некоторые из них в составе комплексной терапии ускоряют заживление трофических язв [3]. Однако на данный момент почти нет высококачественных исследований, которые бы сравнивали разные препараты друг с другом, а не с плацебо. Наиболее изученные венотоники на основе диосмина и МОФФ демонстрируют примерно одинаковую эффективность [4].  При этом точный механизм работы многих действующих веществ, призванных повышать тонус вен, до конца не известен [2]. Достоверных данных по эффективности венотоников в виде гелей и мазей еще меньше — в метаанализы их обычно не включают [3]. Что говорят гайдлайны? ?? Американские, европейские и отечественные руководства рекомендуют венотоники для уменьшения боли, тяжести, судорог, усталости и отека ног при варикозной болезни и других заболеваниях вен. Их важными плюсами являются сравнительно невысокая стоимость и малая частота побочных эффектов [5, 6]. Эти данные подтверждаются большим числом многоцентровых исследований. Но в основном эффекты касаются улучшения качества жизни пациентов с хроническими болезнями вен и уменьшения субъективного дискомфорта.  Намного в меньшей степени данные говорят о влиянии венотоников на причины и механизмы развития заболеваний вен. Не отказывайтесь от венотоников, если они улучшают ваше самочувствие и помогают бороться с симптомами заболеваний вен. Но и ждать чудес от этих препаратов тоже не стоит: они не устраняют причину болезни и не обладают накопительным эффектом ??  Вот что рекомендуют флебологи для лечения варикоза [5, 6]: • Компрессионная терапия — основной компонент консервативного лечения. Для компрессии можно использовать чулки, эластические бинты или устройства прерывистой пневмокомпрессии • Упражнения, направленные на стимуляцию мышечно-венозной помпы нижних конечностей и улучшение подвижности голеностопного сустава, что способствует уменьшению венозного застоя • Изменение образа жизни — борьба с избыточным весом, гиподинамией и длительными статическими нагрузками, частые прогулки, отдых в положении с приподнятыми ногами • Оперативное лечение.  Лучший вариант — использовать венотоники в комплексе с другими методами лечения. А перед этим стоит задать вопросы врачу, если вы заметили у себя симптомы варикоза. #mediq_лекарства;Здоровье
Как врачи относятся к гомеопатии? Многие поддерживают. Вряд ли вы удивились, потому что кто-то же назначает гомеопатию. Она так популярна не только из-за рекламы и рекомендаций в аптеке. Недавно мы рассказывали об опросе о популярности гомеопатии среди покупателей ?? А сегодня появились результаты исследования мнения врачей о гомеопатии [1].  ?? Примерно треть опрошенных врачей регулярно назначает гомеопатию… и столько же верит в ее эффективность  Подробные результаты опроса: Назначаете ли вы гомеопатические препараты? • 47% — нет, они не работают • 15% — иногда, по просьбе пациентов • 13% — да, регулярно, так как они есть в клинических рекомендациях • 13% — да, регулярно, гомеопатия — лучшее лечение ?? • 5% — назначаю, но всегда говорю, что это плацебо.;Здоровье
Анализы на ВПЧ: почему мужчинам не нужно их сдавать? Это один из самых частых вопросов к нашему вчерашнему посту об анализах на половые инфекции. Там мы рассказали, что искать вирус папилломы человека (ВПЧ) имеет смысл только девушкам. И то в рамках скрининга на рак шейки матки по назначению врача. Рутинный поиск ВПЧ у мужчин не рекомендуют профильные медицинские организации. Зато такую услугу очень любят рекомендовать клиники и лаборатории, которые на этом зарабатывают ?? ? Не существует надежного метода диагностики ВПЧ у мужчин  У женщин мазок для диагностики берут из определенной зоны на шейке матки, где как раз часто живет ВПЧ и вызывает изменения в тканях. А вот откуда брать материал у мужчин? ВПЧ может находиться на теле пениса, его головке, в уретре, мошонке, вокруг ануса. Плюс он не вызывает такие же изменения в тканях, как у женщин.  Это сильно мешает созданию точного метода диагностики. Уже доступные тесты на ВПЧ у мужчин часто дают ложноотрицательные результаты. Теперь давайте представим, что мужчина сдал тест на ВПЧ. Есть два варианта: 1?? ВПЧ не обнаружен. Это не значит, что его нет. А если мужчина ведет активную половую жизнь, скорее всего, есть или был в какой-то момент. Поэтому мужчина все равно может передать ВПЧ партнеру. При этом даже правильно надетые презервативы не сильно останавливают заражение. 2?? ВПЧ обнаружен. Мы не можем его вылечить, хотя недобросовестные врачи и мракобесы периодически предлагают это сделать.  Остается только ждать, чтобы ВПЧ сам ушел из организма — в среднем ему нужно на это два года после инфицирования. При этом если пересдать анализ — ВПЧ может магически исчезнуть. Но тут возвращаемся к пункту №1. ;Здоровье
Отчаяние вместо чая. Как мошенники продают шоколад для лечения рака за 1 200 000. Недавно наша подписчица написала, что в Сети можно купить био-шоколад на основе стрептококка, который точечно лечит рак. И этот метод придумал американский онколог Уильям Коли, за что получил Нобелевскую премию! Мы решили проверить, что это за метод. Оказалось, что за громкими словами стоят мошенники и недобросовестные врачи, которые наживаются на болезнях и горе отчаявшихся людей. Рассказываем, как мы провели небольшое расследование ?? ? Основатель MedIQ и «Пей таблеток!» Женя Коровин написал представителю био-шоколадного бизнеса — некому Юрию Сердцеву — и спросил, поможет ли метод при раке простаты. Юрий уверенно ответил, что с такой же проблемой у него уже вылечились больше 100 человек, эффективность шоколада больше 75%, а побочек нет. Стоит курс лечения био-шоколадом 1,2 млн рублей ?? Но Юрий сказал, что можно подать заявку через фонд «Миссия», который покроет 70% стоимости лечения. Тогда курс выйдет всего лишь в 375 тысяч рублей. Чуть дороже знаменитого дубайского шоколада. ? Для подтверждения эффективности био-шоколада Юрий отправил отрывок из интервью Алексея Водовозова, где он упоминает штаммы Коли [1]. И это классический пример вырванной из контекста фразы. Алексей сказал, что когда-то была идея использовать метод Коли, но оказался неэффективным.  Поэтому ученые начали исследовать другие варианты создания вакцин от рак. Вакцин. Не шоколада. ? Фонд «Миссия» — это просто сделанный за пять минут сайт [1]. Его задача — сделать вид, что человек может сэкономить почти миллион рублей на лечении. Био-шоколад не зарегистрирован в России как лекарство — Юрий и сам это признает в переписке. Правда, био-шоколад вообще нигде не зарегистрирован как лекарство, а метод Коли считается ненаучным и маргинальным. Его эффективность и безопасность никогда не были подтверждены [2]. А сам Уильям Коли никогда не получал Нобелевскую премию. Но это не значит, что он был плохим врачом и ученым. Коли действительно исследовал иммунотерапию рака.  И вряд ли Коли знал, что после смерти на его имени будут наживаться мошенники. ? В своем Телеграм-канале Юрий рассказывает об успешных историях исцеления. Например, оказывается, он вылечил 10 тысяч человек от гепатита С [3]. А в другом канале они собирают отзывы людей на био-шоколад и другие препараты [4]. На видео — пожилые люди в плохом состоянии. А теперь представьте, что они действительно могли отдать сотни тысяч за шоколад. ? За био-шоколадом стоят и другие люди. Например, Игорь Асадов [5], который говорит, что «безрезультатно лечился 21 год», а потом выздоровел благодаря методу Сердцева. А еще в их сообществах фигурирует врач Анна Демина [6]. Это инфекционист и кандидат медицинских наук. Асадов в своем канале называет ее еще и молекулярным биологом. Опасность таких шоколадок и прочих мракобесных методов не только в огромной цене. Из-за них человек может отложить начало действительно эффективного лечения ?? Мы уже обратились в правоохранительные и надзорные органы для проверки героев этого поста. Но чтобы привлечь их к максимальной ответственности — нам важно найти потерпевших ?? Если вы знаете людей, которые купили био-шоколад или консультацию по лечению у этих предпринимателей, попросите их написать нам — @mediqlab_admin Продвигать лженауку — это ужасно. А еще и зарабатывать на отчаянии людей — просто отвратительно. Бороться с этим — задача нашего проекта. Если ваши близкие страдают от тяжелых хронических заболеваний — проверьте, не используют ли они мракобесные методы лечения.;Здоровье
Почему препараты со слабой доказательной базой иногда помогают. У нас есть большая подборка, где мы собираем разборы сомнительных лекарств. Там есть как абсолютные фуфломицины вроде гомеопатии, так и относительно эффективные препараты вроде ТераФлю. Часто в комментариях люди пишут, что мы несправедливы к героям этих постов и что на самом деле они помогают. Да и члены нашей команды когда-то сами принимали и назначали пациентам сомнительные лекарства, но при этом видели их эффект.  В этом посте отвечаем всем, кто спрашивает нас: «Как это не работает? А мне помогает!» 1 Многие болезни проходят сами по себе. Очевидный пример — ОРВИ, которая продлится семь дней вне зависимости от приема противовирусных. Иногда хронические болезни в рамках своего естественного течения могут уходить в ремиссию, например рассеянный склероз, рак и многие другие. Если в какой-то момент на пути естественного течения болезни человек примет гомеопатию и БАД или сходит к остеопату, то ему может стать объективно лучше. Но ему бы и так стало лучше. В этом случае мы видим последовательность событий, а не причинно-следственную связь. Чтобы установить причинность между использованием препарата и выздоровлением — нужны высококачественные исследования. И вот их как раз нет у препаратов без доказанной эффективности. 2?? Эффект-плацебо подменяет собой действие лекарств Плацебо-эффект — это когда человек ощущает какое-то положительное действие только от того, что ему дали плацебо, то есть пустышку. Плацебо-эффект не может затянуть язву, убрать воспаление или убить бактерии. Но зато влияет на субъективные ощущения, например на боль и общее самочувствие.  Эффект-плацебо в любом случае сопровождает прием многих лекарств, например обезболивающих и антидепрессантов, а также сам факт общения с врачом.  Проблема начинается, когда под видом настоящих лекарств продают один только плацебо-эффект. Так еще и берут за это большие деньги. 3?? У препаратов со слабой доказательной базой может быть эффект Горячий пример из наших комментариев — Фенибут. Мы подробно разбирали его в этом посте ?? Фенибут действительно влияет на мозг. Только мы не знаем, как именно, потому что препарат не исследовали достаточно подробно. В итоге кому-то Фенибут может помочь, а кому-то — сделать хуже. У препарата не исследовали ни эффективность, ни безопасность.  Производители предпочитают экономить на исследованиях и продолжать хорошо зарабатывать. Это им сходит с рук. 4?? Иногда фуфломицины работают косвенно Например, Ренгалин — это гомеопатический препарат от кашля, то есть там нет действующего вещества. Но он действительно может помочь!  При рассасывании Ренгалина выделяется слюна, которая смачивает горло, а ее глотание подавляет кашлевой рефлекс. Точно так же работает любой леденец.  Но человек может подумать, что именно Ренгалин обладает каким-то особым эффектом. Это играет на руку производителю. 5?? В фуфломицинах и БАДах могут быть настоящие лекарства В 2017 году в США громко обсуждали отравления детей гомеопатическими препаратами. Оказалось, что в сахарных шариках был самый настоящий атропин в высокой концентрации [1]. А еще часто лекарства находят в БАДах. В подборке постов о добавках мы рассказали о нескольких российских проверках, которые обнаружили такие нарушения. При этом человек верит, что покупает хорошую добавку с силой природы, а не злое лекарство. И эффект есть. 6?? Действующее вещество работает, но не в той форме Мы уже разбирали подробно Виферон, потому что его производитель пришел к нам с досудебной претензией. И сейчас с радостью коротко повторим. Интерферон-?-2b — настоящий рабочий препарат, если его использовать в виде инъекций в больших дозировках для лечения тяжелых болезней. Но вот только Виферон претендует на эффект против ОРВИ и гриппа в виде свечей. Так это не работает. Подробнее читайте здесь ?? Если мы что-то забыли или вы не согласны — пишите в комментари.;Здоровье
Хронический кашель: почему он появляется и что делать. Кашель — одна из самых частых жалоб и причин обращения к врачу. Но при этом нередко его причины и тактику лечения определяют неправильно. Особенно в случаях длительного кашля. В этом посте семейный врач Арон Османович рассказывает, почему иногда кашель длится долгие месяцы и годы. Условно кашель можно разделить на два вида в зависимости от его продолжительности: острый — до трех недель,;Здоровье
Вакцина от ВПЧ опасна? Разрушаем миф вместе с @ninavaccina ?? Вакцинация от вируса папилломы человека (ВПЧ) — это эффективный способ уменьшить риск развития некоторых видов рака. Мы подробно рассказывали о ней в этом посте ?? Но вокруг этих прививок — особенно Гардасила — ходит много слухов: будто «официальная американская статистика» говорит, что они вызывают инвалидность, аутоиммунные болезни и даже смерть. Мы попросили рассказать о безопасности вакцин от ВПЧ Антонину Обласову — биолога, руководителя некоммерческого проекта «Коллективный иммунитет» и автора блога @ninavaccina. В материалах об опасности вакцин от ВПЧ ссылаются на статистику из базы VAERS — Vaccine Adverse Event Reporting System. Это открытая система отчетов о нежелательных реакциях после вакцинации в США. В VAERS любой человек может внести ЛЮБОЕ событие, случившееся после прививки ?? Например, в VAERS можно внести случай, если кто-то вакцинировался, а через год попал в ДТП или заболел раком. Никто не будет фильтровать информацию на этапе подачи [1]. ?? Для чего нужен VAERS  Эксперты Центра по контролю заболеваний (CDC) и Управления по надзору за лекарствами (FDA) проверяют отчеты и ищут необычные тенденции. Если потенциальная угроза есть — запускают более глубокое исследование. ?? Для чего нельзя использовать VAERS Данные из системы не позволяют установить причинно-следственную связь между вакцинацией и вредом здоровью. А также нельзя сравнивать частоту нежелательных реакций между прививками, так как отчетность добровольная и неполная. Антивакцинные активисты часто выдёргивают из VAERS отдельные записи о смертях и инвалидности — без учёта фонового риска, возраста, сопутствующих болезней и времени между вакцинацией и событием. CDC, FDA и ВОЗ подтверждают безопасность Гардасила и сообщают, что серьезные побочные эффекты встречаются реже 0,001% случаев. Подробнее об анализе данных VAERS можно прочитать по ссылке ?? Если после вакцинации у кого-то нашли дисплазию или рак шейки матки — это не означает, что вакцина не сработала: ? возможно, заражение ВПЧ произошло до вакцинации,;Здоровье
Почему вы не высыпаетесь и что с этим делать? ??  Для начала надо перестать читать посты в Телеграме поздно вечером и ночью У нашей команды, как и у многих других, с режимом сна непростые отношения. Но мы решили наконец-то разобраться, что нужно делать, чтобы не просто спать по восемь часов, а реально высыпаться. ? Спите по графику Циркадные ритмы — это внутренние часы организма. Они сбиваются, если вы ложитесь и встаете в разное время. Даже «отсыпание» на выходных сбивает сон, как смена часовых поясов [1]. Подробно про циркадные ритмы мы рассказывали в этом посте.;Здоровье
В одном зеленом магазине с продуктами теперь можно купить лекарства с отметкой о доказанной эффективности. Это нам сегодня показали. Новость интересная, потому что онлайн-аптека начала отделять адекватные препараты от фуфломицинов.  Если это станет трендом/модой/стандартом — будет круто, потому что все еще большинство россиян не знает, что многие препараты не имеют доказанной эффективности и только высасывают деньги.  В 2024 году в топ-20 лекарств по стоимостному объему продаж попали шесть препаратов без доказанной эффективности. Они приносят своим производителям буквально миллиарды рублей, при том что они экономят на исследованиях.  Подробнее читайте в нашем посте с разбором аптечных продаж ?? А еще в тему новости напомним, что на сайте нашего проекта mediqlab.com можно проверить эффективность лекарств, безопасность их взаимодействия и риски при их использовании  ?? Подробно объясняем, чем полезен наш сайт и почему о нем стоит рассказать близким?? ?? Эффективность лекарств На mediqlab.com есть все зарегистрированные в России препараты. Вам нужно просто ввести название лекарства и вы сразу увидите, есть ли у него доказанная эффективность. Для этого мы оцениваем: – исследования на PubMed, ;Здоровье
Профилактика ВИЧ-инфекции: как не заболеть даже после незащищенного секса ?? Самый частый способ передачи ВИЧ — секс. А правильно использованная барьерная контрацепция — надежный способ защиты. Но иногда все идет не по плану: случился незащищенный секс или презерватив соскользнул. Есть ли у партнера ВИЧ? Он сам может не знать о своем статусе. Но в такой ситуации все равно можно предотвратить заражение. Сегодня мы попросили фонд фонда СПИД.ЦЕНТР @aidscenter рассказать рассказать о до- и постконтактной профилактике ВИЧ [1] ?? Этот пост приурочен ко Всемирному дню памяти умерших от СПИДа, который отмечают каждое третье воскресенье мая с 1983 года. А в Россию День памяти пришел в 1992 году.  Люди до сих пор умирают от СПИДа, хотя современная медицина позволяет человеку с ВИЧ-инфекцией прожить долгую жизнь без ограничений. Для начала давайте уточним термины: ? ВИЧ — вирус иммунодефицита человека.;Здоровье
Сколько людей доверяет гомеопатии? Каждый третий, кто вообще о ней слышал ?? ВЦИОМ [1] провел опрос среди 1 тысячи человек старше 18 лет, чтобы изучить их отношение к гомеопатии. Вот что они узнали ?? ? 48% опрошенных сообщили, что никогда не принимали гомеопатию и ничего о ней не знают. Правда, это не значит, что они действительно ее не использовали. Люди могут просто не знать, что принимают гомеопатии. Гомеопатические «лекарства» иногда прячутся от своей репутации и называются «релиз-активными препаратами». В итоге и врачи, и пациенты могут использовать их, не зная, что принимают. Подробнее читайте в этом посте. ? Среди всех опрошенных 32% доверяют гомеопатии. Это на 7% выше, чем в 2017 году, когда был проведен предыдущий опрос ВЦИОМа. ? 19% сказали, что использовали гомеопатию, а 16% — что ее принимают их родственники. Среди них разово принимали гомеопатию 37%, а неоднократно — 47%. 56% их тех, кто использовал гомеопатию, довольны ее эффектом. При этом 64% будут использовать ее повторно. ? При этом чаще всего гомеопатию используют женщины в возрасте от 34 до 59 лет, проживающие в крупных городах и имеющие высшее образование и доход выше среднего.  Возможно, у людей с доходом ниже среднего просто нет денег на такой дорогой сахар ?? ? Почему люди решают принимать гомеопатию: 31% — по рекомендации врача. Это выстрел в самое сердце. Медики сами формируют спрос на гомеопатию. 26% — по советам знакомых и родственников. 24% — по рекомендации врача-гомеопата. Формально таких докторов не существует в системе высшего медицинского образования, но в реальности они есть… 11% — прочитали о гомеопатии в интернете. 8% — у них был положительный предыдущий опыт. 8% — по рекомендации сотрудника аптеки. К сожалению, часто они финансово заинтересованы в продаже гомеопатии и других малополезных лекарств и БАДов. У нас был про это пост. Гомеопатия приносит своим производителям буквально миллиарды рублей ?? В 2023 году аптеки продали 15,7 млн упаковок гомеопатии на 10 млрд рублей [2]. Это на 3,6% больше по количеству и на 11,1% больше в деньгах, чем в 2022 году. Плюс еще и средняя цена одной пачки выросла на 7%. При этом производить гомеопатию намного дешевле, чем настоящие лекарства, потому что не нужно тратиться на действующее вещество и исследования. Достаточно сказать, что сахарные шарики работают, а кто не согласен — физику и химию не учил. Чтобы случайно не купить гомеопатию — проверяйте препараты на нашем сайте mediqlab.com ?? Это быстро, бесплатно. Да еще и деньги экономит. А ниже мы собрали список препаратов, которые скрывают свою гомеопатическую суть — запоминайте, чтобы не покупать дорогой сахар: – Проспекта;Здоровье
Эффективность вакцины зависит от того, насколько хорошо спрогнозировали антигенную структуру циркулирующих штаммов. Вот что известно о прошлых сезонах: ?  2022–2023. Эффективность ~50% (хорошее совпадение с H3N2 и линией В/Victoria). ?  2021–2022. Эффективность ~35% (доминировал H3N2 с антигенными изменениями). ?  2020–2021. Данных меньше из-за мер против COVID-19, но эффективность оценивалась выше (~60%), так как циркуляция гриппа была низкой. ??  Сколько вакцин можно ставить за один раз? И с какими прививками нельзя ничего совмещать? В большинстве случаев за один раз можно ввести столько вакцин, сколько вам сейчас необходимо: это безопасно, эффективно и экономит время. Но есть случаи, когда вакцины нельзя вводить в один день: ? Вакцину БЦЖ против туберкулеза нельзя совмещать с любыми прививками.  ? Разные вакцины от одной и той же инфекции — это неэффективно и может привести к более выраженным реакциям (хотя и не приведет к вреду для здоровья, если такое случится по ошибке). ? Не рекомендуется в один день вводить вакцины от желтой лихорадки и от кори и паротита. ? Людям с аспленией или ВИЧ не стоит совмещать вакцины Превенар 13 и Менактру. ? Российская инструкция к вакцине от бешенства запрещает другие прививки во время проведения курса экстренной профилактики, хотя это ограничение не обосновано научно. #mediq_здоровье;Здоровье
Косметика с доказанной эффективностью? ?? Наш канал — это часть проекта MedIQ, где вы можете проверить эффективность лекарств, проверить безопасность их взаимодействия и найти много чего еще о препаратах. Сейчас мы работаем над новым проектом KremIQ, где можно будет проверить эффективность уходовой косметики. А в этой сфере очень много рекламных обещаний, которые не имеют под собой никакой доказательной базы. А еще мы разрабатываем алгоритм диагностики типа кожи и подбора средств для ухода. И нам нужны ваша помощь ?? Update ?? Мы собрали ответы на тест. Спасибо всем, кто принял участие! Весь процесс займет пять минут. Вы узнаете больше о вашей коже, а мы улучшим наш алгоритм ??;Здоровье
Вакцинация от ВПЧ: рассказываем, как прививка спасает от рака ?? Вирус папилломы человека (ВПЧ) — это большая группа вирусов, которые передаются половым путем: чаще всего в момент вагинального или анального секса, но иногда и просто из-за тесного контакта кожи.  А так как презервативы не спасают от контакта кожи с кожей, то и остановить передачу ВПЧ они могут не всегда. Поэтому большинство сексуально активных людей хотя бы раз в жизни сталкивались с этой инфекцией. В большинстве случаев ВПЧ никак не проявляется и самостоятельно исчезает из организма в течение двух лет. Но иногда инфекция становится хронической и приводит к болезни: от бородавок до рака. Хорошая новость: от ВПЧ есть вакцина. Рассказываем, кому, когда и зачем она нужна  В этом посте мы опираемся на материалы некоммерческой организации «Коллективный иммунитет». Полную методичку можно скачать по ссылке ?? Проявления инфекции ВПЧ зависят от штамма вируса, который попал в организм: ? 6 и 11 штаммы. Из-за них в большинстве случаев появляются папилломы и бородавки в аногенитальной зоне и на других частях тела. Эти образования доброкачественные, но они могут вызывать эстетический дискомфорт. ? 16 и 18 штаммы. Они ответственны за большинство случаев развития рака шейки матки — это четвертая по распространенности опухоль среди женщин в мире. Есть еще 12 онкогенных штаммов ВПЧ, но они не так часто приводят к раку шейки матки. Кроме того, ВПЧ может вызывать опухоли ротоглотки, ротовой полости, гортани, пениса, влагалища и вульвы. Но это более редкие ситуации. Основная цель вакцинации от ВПЧ — профилактика развития рака шейки матки. Поэтому в первую очередь прививать стараются девочек. Лечения инфекции ВПЧ не существует ?? Либо организм сам избавится от вируса, либо нам придется столкнуться с его последствиями: удалять бородавки или бороться уже с раком. Если врач назначил вам лечение, чтобы избавиться от самого ВПЧ, рекомендуем обратиться к другому специалисту. В России доступны две вакцины против ВПЧ: ? Церварикс. Против двух штаммов ВПЧ: 16 и 18. Такая вакцина значительно снижает риск развития рака шейки матки. ? Гардасил. Против четырех штаммов ВПЧ: 6, 11, 16 и 18. Эта вакцина снижает риски не только рака, но и генитальных бородавок. Вакцинация против ВПЧ не входит в Национальный календарь прививок, поэтому не все россияне могут получить ее бесплатно. Но некоторые регионы создают свои программы профилактики — их список есть в методичке.  Если вы не можете получить прививку бесплатно — сделать ее можно в частной клинике. За одну дозу нужно будет отдать 10–15 тысяч рублей ?? Сколько доз вакцины нужно?  Это сложный вопрос. Современные данные говорят, что человеку до 21 года достаточно одной прививки, а старше — две. Более консервативная позиция такая: две дозы нужны детям в возрасте от 9 до 13–14 лет, три дозы — людям от 14–15 до 26 лет и тем, у кого есть иммуносупрессивное состояние. Рекомендуем обсудить этот вопрос с врачом, которому вы доверяете, и выбрать подходящий режим вакцинации.  Прививаться ли мальчикам? Да. Защита от раков, связанных с ВПЧ, актуальнее для девочек с позиции частоты болезней. Но и парни снизят свои риски. Кроме того, вакцинация мальчиков снижает вероятность распространения инфекции у их потенциальных партнеров.  Есть ли смысл в вакцинации, если я уже живу половой жизнью или у меня уже обнаружен ВПЧ? Да. Вы могли быть инфицированы одним или несколькими штаммами ВПЧ. Но вакцина может защитить вас от других. К тому же у большинства инфицирование не переходит в хроническую фазу, а саморазрешается в течение 1-2 лет. Вакцинация защитит от повторного заражения. Прививаться ли взрослым? Вызывает ли вакцина бесплодие? Какие нежелательные реакции стоит ждать? На эти вопросы ищите ответы в методичке «Коллективного иммунитета». А если вы вакцинированы от ВПЧ — поделитесь в комментариях своим опытом: как получили прививку? сколько это стоило? ? #mediq_здоровье;Здоровье
Клещевой энцефалит: как и зачем вакцинироваться ?? Клещевой энцефалит (КЭ) — это острое вирусное заболевание, которое проявляется лихорадкой, интоксикацией и поражением нервной системы и может привести к инвалидизации и даже смерти. Вирус клещевого энцефалита переносят… собственно, иксодовые клещи. Во время укуса они инфицируют человека. Клещи активны с начала марта и до поздней осени. Против КЭ нет специфического лечения, но болезнь можно предотвратить, если вакцинироваться. Рассказываем, как сделать это правильно.  В этом посте мы опираемся на материалы некоммерческой организации «Коллективный иммунитет». Полную методичку можно скачать по ссылке ?? КЭ — это эндемическое заболевание, то есть оно распространено только на определенных территориях, где обитают иксодовые клещи. Список таких регионов для России составляет Роспотребнадзор.  Проверить эндемичные регионы по КЭ можно на этой карте ?? Бесплатная вакцинация от КЭ положена людям, которые проживают постоянно или планируют посетить эндемичные регионы. И здесь речь не только о долгих туристических поездках. Например, в Москве клещей нет, но они водятся в Дмитровском и Талдомском районах Московской области. Поэтому жителю столицу достаточно немного проехать на электричке, чтобы оказаться в зоне риска. Чтобы получить прививку, нужно обратиться в поликлинику. Там вам предложат первичную вакцинацию или ревакцинацию: Если вас никогда не вакцинировали от КЭ или вы не помните этого, то начать нужно с двух доз: – Первая доза — в день обращения или тогда, когда в кабинете вакцинации есть свободные места. – Вторая доза — через 1–7 месяцев после первой. Но период можно сократить до двух недель — это называется ускоренной вакцинацией – Ревакцинация — через 9–12 месяцев после второй дозы. Это нужно, чтобы поддерживать иммунитет.  Если вы уже вакцинированы в прошлом — даже много лет назад, — схему прививок можно продолжить с того места, где остановились.  Иммунитет против вируса КЭ появится примерно через две недели после первичного курса вакцинации, то есть двух доз. Есть миф, что в эти 14 дней риск заболеть увеличивается, но это не так. У вас просто не будет защиты. ?? Есть и другой миф — пройти полный курс вакцинации или ревакцинироваться нужно обязательно до начала весны, а иначе это не имеет смысла. Это не так, потому что клещи активны до поздней осени. Представим, что вы живете в Москве и хотите поехать на Алтай в октябре, но у вас нет ни одной прививки от КЭ. Первую дозу вы можете получить в мае, а вторую — в период с июня по сентябрь. Тогда к моменту поездки вы будете под защитой. Конечно, имеет смысл прокачать иммунитет против вируса КЭ до начала весны, особенно если вы живете в эндемичном регионе. Но если вы этого не сделали — лучше поздно, чем никогда. ?? У вакцин против КЭ есть реакции: чаще всего бывают головная боль, сонливость, покраснение места прививки и повышение температуру до 37,5 °С. Но они легкие, а их продолжительность обычно не более трех суток.  Такой дискомфорт — малая цена за предотвращение потенциально смертельной болезни. При этом вакцина безопасна для применения у беременных женщин и кормящих грудью матерей. Что в итоге ?? Вакцинация от КЭ — это бесплатно, полезно и безопасно. Подробнее о прививках читайте в методичке «Коллективного иммунитета» #mediq_здоровье;Здоровье
Не все лекарства можно принимать одновременно — и вот как узнать безопасность их взаимодействия ?? Когда препарат попадает в организм, то вступает в сложные химические реакции. Только после этого мы получаем заявленные в инструкции эффекты.  Но этот процесс может нарушиться, если одновременно принять лекарства, которые влияют друг на друга. Есть два варианта развития событий: лечебный эффект либо ослабнет, либо усилится, а вместе с ним и побочки.  Чем больше препаратов и БАДов принимает человек — тем выше риск нежелательных взаимодействий: ????? Чаще всего от этого страдают люди с несколькими хроническими заболеваниями, особенно пожилого возраста.  ????? Но и для условно здорового человека есть риски: тут приняли таблетку от головной боли, там — от изжоги, потом — антидепрессант, а с утра — комплекс витаминов и микроэлементов для здоровья. Проверить взаимодействие препаратов можно на нашем сайте MedIQ в разделе «Совместимость лекарств»: нужно просто ввести название лекарства или действующего вещества. По силе межлекарственные взаимодействия можно разделить на три уровня:  ?? Слабое взаимодействие или его отсутствие. Это значит, что препараты существуют параллельно и практически не влияют друг на друга. Их можно спокойно принимать одновременно, по крайней мере в стандартных дозировках.  Пример: парацетамол и лираглутид (противодиабетическое) можно совмещать без проблем.  ?? Умеренное взаимодействие. В этом случае препараты могут ослаблять или усиливать эффекты друг друга, но риски для здоровья обычно не очень высокие. В идеале стоит обсудить безопасность такой комбинации лекарств с врачом, чтобы он оценил потенциальную пользу, риски и возможность замены препаратов.  Пример: ибупрофен и антидепрессант эсциталопрам могут повысить риск кровотечений, но обычно такая побочка возникает в пожилом возрасте или у людей с болезнями почек и печени.  ?? Сильное взаимодействие. Это значит, что риски для здоровья заметно превышают любую возможную пользу. Самостоятельно такую комбинацию препаратов не стоит использовать. Важно обсудить взаимодействие с врачом. Пример: обезболивающие ибупрофен и кеторолак противопоказаны для совместного приема, потому что вместе вызывают сильные побочки со стороны почек и желудка. Но я принимал ибупрофен и кеторолак при сильной боли — живой, побочек не было На силу взаимодействия влияют:;Здоровье
Атаракс — любимый препарат тревожных людей ?? Атаракс — очень популярный препарат, потому что дешевый и относительно безопасный, а еще его часто продают без рецепта, хотя это и противоречит закону ?? Иногда, когда нас спрашивают, чем заменить глицин или фенибут для борьбы с тревогой, так и хочется порекомендовать именно Атаракс. Но все не так просто. Спойлер: не бойтесь, у Атаракса есть доказанная эффективность, по этому пункту у нас нет претензий  Гидроксизин по своей структуре — это антигистаминный препарат первого поколения, то есть изначально его хотели использовать против аллергий. Но во время исследований обнаружили интересные побочные эффекты: седативный и противотревожный. ?? Тогда побочные эффекты стали главными. Так гидроксизин перешел в группу седативных средств и анксиолитиков — их иногда по-старому называют транквилизаторами. При этом гидроксизин не вызывает привыкание и зависимость, а при длительном приеме синдром отмены у него очень слабый.  Плюс побочные эффекты либо редкие, либо слабые: чащего всего бывают сонливость, головная боль, сухость во рту, слабость и утомляемость. Какие показания к приему Атаракса указаны в инструкции: ? Взрослым для купирования тревоги, психомоторного возбуждения, чувства внутреннего напряжения, повышенной раздражительности при неврологических, психических (генерализованная тревога и расстройство адаптации) и соматических заболеваниях, а также при хроническом алкоголизме, алкогольном абстинентном синдроме, сопровождающемся симптомами психомоторного возбуждения;Здоровье
Новый выпуск посвящен тому, о чем терапевты в большинстве своем не знают, – трансляционной неврологии. Это мост между фундаментальной наукой и клинической практикой. Ее цель – превратить лабораторные открытия (в генетике, клеточной биологии, молекулярной нейронауке) в эффективные методы диагностики, лечения и профилактики неврологических заболеваний. Мы решили показать вам, дорогие коллеги, как изучение механизмов заболеваний (например, нейродегенерации, эпилепсии, инсульта) приводит к разработке биомаркеров, а затем и созданию как новых методов терапии (включая генные, клеточные и иммунологические), так и самих препаратов. Трансляционная неврология уже активно входит в нашу практику!  ?? Здесь и биомаркеры болезни Альцгеймера (например, pTau в ликворе или крови), и оптимизация нейровизуализации при инсультах (искусственный интеллект + perfusion imaging), и новые антиэпилептические препараты,  созданные на основе механизмов ионных каналов, и многое другое. ?? Электронную версию уже можно читать на сайте, а печатная скоро прибудет в ваши почтовые ящики! #новый_номер@newtjournal;Здоровье
Острый лимфобластный лейкоз (ОЛЛ) — самое распространенное злокачественное заболевание крови у детей, составляющее до 80% всех детских лейкозов. Ежегодно диагностируются сотни новых случаев. Несмотря на существенные успехи в терапии, ОЛЛ остается трудной проблемой в детской онкогематологии. В передаче «ОЛЛ у детей. Что нового в клинических рекомендациях» в рамках цикла «Сложные вопросы онкогематологии: практика и перспективы» д.м.н., профессор, заведующий отделением детской онкологии и гематологии (химиотерапии гемобластозов) НМИЦ онкологии им. Н.Н. Блохина и профессор кафедры детской онкологии РМАНПО Тимур Теи?муразович Валиев разберет: ?? новые аспекты диагностики и стратификации риска ОЛЛ, обновленные протоколы химио- и таргетной терапии, место поддерживающей терапии и трансплантации костного мозга. ?? Трансляция начнется 7 июля в 16:30 Нажмите кнопку «Напомнить», чтобы получить уведомление о начале. #гематология@firstmedtv #онкология@firstmedtv #педиатрия@firstmedtv;Здоровье
Множественная миелома — это второе по распространенности гематоонкологическое заболевание после лимфомы.  Рецидивирующая/рефрактерная множественная миелома (РРММ) представляет собой серьезную клиническую проблему, требующую новых подходов к терапии, особенно в условиях, когда пациенты становятся резистентными к предыдущим линиям лечения. В формате круглого стола «Полностью пероральный триплет в терапии рецидивирующей/рефрактерной множественной миеломы» с модератором к.м.н. Ольгой Александровной Аликовой будут представлены доклады и пройдет дискуссия с участниками: «Последовательность терапии у пациентов с РРММ. Обзор клинического случая» (Prof. Philippe Moreau, Франция). «Пожилой, коморбидный пациент с РРММ: обзор клинического случая» (Dr. Claudio Cerchione, Hematology Unit, Италия). «Биохимический рецидив у пациента с множественной миеломой: обзор клинического случая» (Dr. Eva-Maria Autzinger, Австрия). Видеозаписи докладов иностранных спикеров будут переведены на русский язык. ?? Трансляция начнется 7 июля в 15:00 Нажмите кнопку «Напомнить», чтобы получить уведомление о начале. #гематология@firstmedtv #онкология@firstmedtv;Здоровье
Нарушения липидного обмена выявляются у значительной части молодых взрослых (до 30%). Многие случаи остаются недиагностированными. При этом показано, что раннее начало гиперхолестеринемии увеличивает риск сердечно-сосудистых событий в будущем. В передаче «Высокий холестерин у молодых. Подводные камни» в рамках курса Superheroes & Docmed Academy врач-кардиолог Наталья Владимировна Подгородетская разберет: особенности назначения липидограммы молодым пациентам.;Здоровье
!46% врачей назначают гомеопатические препараты. Результаты опроса на сайте «Врачи РФ» В июне «Актион Медицина» в партнерстве с «Врачи РФ» проводили анонимный опрос по поводу вашего отношения к гомеопатии. Мы проанализировали ответы и сравнили их с результатами аналогичного опроса 2023 года. Все больше врачей склоняются к докмеду, а Минздрав пока отмалчивается. Подробнее с результатами опроса вы можете ознакомиться в публикации на нашем официальном сайте.;Здоровье
Рак молочной железы (РМЖ) является самым распространенным онкологическим заболеванием среди женщин, составляя до 25% всех случаев женского рака. Лечение HR+/HER2- подтипа, на который приходится до 70% всех случаев, отличается широким спектром опций адъювантной терапии. Как определиться с тактикой? В обсуждении в рамках XI Петербургского международного онкологического форума «Белые ночи 2025» соберутся эксперты по лечению РМЖ. Модерировать дискуссию будет д.м.н., зав. научным отделом инновационных методов терапевтической онкологии и реабилитации НМИЦ онкологии им. Н.Н. Петрова Татьяна Юрьевна Семиглазова. Темы выступлений: «Предупрежден, значит вооружен – оценка риска рецидива РМЖ».;Здоровье
"""красные флаги"" в поведении, которые должны быть показателями к срочной госпитализации.  #новости@firstmedtv";Здоровье
Острый тромбоз геморроидальных узлов — одно из наиболее частых неотложных состояний в проктологии, встречающееся в среднем у 30–40% пациентов с острым геморроем. Это состояние сопровождается выраженной болью и требует своевременного определения тактики лечения. В передаче цикла «ПРОКТО-ФОКУС» пройдет эфир на тему «Острый тромбоз наружных и внутренних геморроидальных узлов: ждать или сразу оперировать?». Ведущий передачи, к.м.н., врач-хирург, колопроктолог, главный врач, руководитель клиники лазерной хирургии Михаил Юрьевич Черепенин и гость эфира, врач-колопроктолог Иван Александрович Пахомов, разберут: диагностику и дифференциальную диагностику острого тромбоза.;Здоровье
Деменция, большая часть которой приходится на болезнь Альцгеймера, поражает более 55 миллионов человек во всем мире. Средняя продолжительность жизни пациента после установления этого диагноза составляет около 6 лет, но может достигать 11 лет и более.  Как вести таких пациентов на протяжении многих лет? В круглом столе примут участие к.м.н., доцент кафедры болезней старения и зав. лабораторией нейрогериатрии Элен Араиковна Мхитарян, к.м.н., старший научный сотрудник отдела гериатрической психиатрии Яна Борисовна Федорова и к.м.н., врач-невролог, ассистент кафедры нервных болезней и нейрохирургии Динара Александровна Гришина. Эксперты обсудят: актуальность проблемы долгосрочного ведения пациентов с болезнью Альцгеймера.;Здоровье
Ингибиторы протонной помпы (ИПП) – одни из самых используемых препаратов для лечения различных состояний желудочно-кишечного тракта во всем мире.  По данным крупного международного исследования, ИПП принимают 23,4% взрослого населения, а доля назначений этих препаратов, особенно на длительный период времени, стабильно растет.  В клинической практике ИПП назначают: при язвенной болезни желудка и двенадцатиперстной кишки.;Здоровье
обеспечение мониторинга и поддержки. Полный текст статьи смотрите на сайте. Как пересмотреть показания к длительному назначению ИПП и убедиться, что вы все делаете правильно – показали в алгоритме. #anamnesis_morbi@newtjournal;Здоровье
Деменцией страдает около 55 миллионов человек в мире. Болезнь Альцгеймера, самая распространенная ее форма, составляет 60–80% случаев. Разнообразие клинических вариантов и темпов прогрессирования этого заболевания усложняет диагностику и выбор тактики. В телесеминаре «Гетерогенность болезни Альцгеймера: что это означает в реальной клинической практике» д.м.н., профессор кафедры нервных болезней и нейрохирургии Владимир Владимирович Захаров разберет: клинические варианты болезни Альцгеймера и их особенности.;Здоровье
Минздрав России утвердил новые клинические рекомендации по лечению ретинобластомы у детей (МКБ С69.2).  В студии Первого медицинского канала Татьяна Леонидовна Ушакова, д.м.н., ведущий научный сотрудник НИИ детской онкологии и гематологии, расскажет: что нового появилось клинических рекомендациях.;Здоровье
Из определения клинрек исключат термин «протоколы лечения», чтобы избежать путаницы. По мнению экспертов, четкий статус рекомендаций в качестве ориентира поможет уйти от шаблонного подхода и даст врачам больше свободы. В то же время отклонения от рекомендаций потребуют аргументации от медиков: это усилит ответственность врачей. Напомним, что на сайте Первого медицинского канала есть бесплатные интерактивные гайды, которые наша редакция подготовила на основе клинических рекомендаций. Они помогут ознакомиться с самым важным в удобном формате. А еще ссылками на гайды удобно делиться с коллегами! #новости@firstmedtv;Здоровье
Ожирение затрагивает более 1 миллиарда человек по всему миру. В нашей стране избыточную массу тела имеют до 50% населения, а ожирение — до 25%. Агонисты ГПП-1 (глутиды) начинают применять все активнее в этой группе пациентов, но какой доказательной базой подкреплено это использование? В передаче цикла «Мир больших людей» член-корреспондент РАН, д.м.н., профессор Валентин Викторович Фадеев и к.м.н., доцент кафедры эндокринологии Олеся Юрьевна Гурова обсудят новый консенсус по применению агонистов ГПП-1 у пациентов с ожирением: основные положения и нововведения,;Здоровье
Ежегодно в России регистрируют более 20 тысяч новых случаев злокачественных опухолей головы и шеи.  По статистике, в 60% случаев этот вид рака выявляется на поздней стадии заболевания, 60% пациентов умирают в течение пяти лет. И 80% пациентов, у которых диагноз установлен на ранней стадии, выздоравливают. Программа круглого стола будет посвящена современным подходам в лечении рецидивирующего/метастатического плоскоклеточного рака головы и шеи (Р/М ПРГШ). В рамках мероприятия участники: узнают о роли таргетной терапии, разберут реальные клинические кейсы, обсудят нестандартные методы комбинированной иммуно-таргетной терапии.  Завершит программу сессия вопросов и ответов. Трансляция начнется 26 июня в 12:00 Нажмите кнопку «Напомнить», чтобы получить уведомление о начале. #онкология@firstmedtv;Здоровье
Минздрав значительно изменил свой законопроект о системе обязательного возмещения затрат государства на обучение студентов медвузов.  Ранее ведомство хотело, чтобы выпускники вузов и колледжей минимум три года работали в государственных медучреждениях, а в случае отказа возмещали бюджету затраты на образование в двукратном размере.  Теперь Минздрав решил не штрафовать «отказчиков», а сделать невозможной их работу по специальности. Ведомство намерено сделать обязательную трехлетнюю отработку одним из условий допуска к периодической аккредитации, без которой медработники и фармацевты не имеют права работать, сообщает «Коммерсантъ». #новости@firstmedtv;Здоровье
Первые 90 дней после инсульта – решающие для дальнейшей жизни пациента.  Какой должна быть нутритивная поддержка в этот период, объясняет д.м.н. Сергей Владимирович Морозов.;Здоровье
Неврологические расстройства – одни из наиболее распространенных и инвалидизирующих заболеваний, затрагивающие более 3 миллиардов людей по всему миру.  Зачастую они проявляются схожими симптомами, такими как хроническая боль, когнитивные нарушения или эмоциональные расстройства, которые требуют универсальных подходов к фармакотерапии, выходящих за рамки конкретного диагноза. В рамках цикла «Авторская программа профессора А.И. Федина «Неврология плюс...» д.м.н., профессор, заслуженный врач РФ, руководитель университетской клиники неврологии и научный руководитель «Первой клиники реабилитации в Хамовниках» Анатолий Иванович Федин расскажет о принципах и возможностях такой терапии: ключевые принципы наднозологического подхода.;Здоровье
Распространенность дисфункции тазового дна составляет, по разным оценкам, до 25–45% женщин в общей популяции и достигает более 50% среди женщин старше 60 лет. Это состояние существенно сказывается на качестве жизни и может быть значительно облегчено с использованием современных методов. В первом эфире авторского проекта «ПРОКТО-ФОКУС» его куратор, к.м.н., хирург-колопроктолог, главный врач и руководитель клиники лазерной хирургии Михаил Юрьевич Черепенин и врач-уролог, урогинеколог, нейроуролог Анна Александровна Бердичевская разберут: диагностику и оценку степени дисфункции тазового дна.;Здоровье
Сахарный диабет первого типа составляет около 5–10% всех случаев диабета и может быть диагностирован в любом возрасте. Частота встречаемости заболевания в популяции растет. Первыми с дебютом заболевания и его осложнениями нередко сталкиваются терапевты и врачи общей практики. В рамках цикла «Ближе к телу» врач-эндокринолог, главный врач Клиники Фомина в Санкт-Петербурге, руководитель магистратуры Public Health Sciences Университета ИТМО Евгения Михайловна Соколова и врач-онколог, маммолог Lahta Clinic Анна Андреевна Архицкая обсудят: особенности диагностики сахарного диабета первого типа на амбулаторном этапе.;Здоровье
Деменция с тельцами Леви – вторая по распространенности нейродегенеративная деменция после болезни Альцгеймера. Она составляет, по разным оценкам, от 10% до 30% всех случаев деменции.  Сложность ее диагностики и многообразие проявлений, в том числе когнитивные флуктуации, галлюцинации и паркинсонизм, часто требуют работы нескольких специалистов. В эфире к.м.н., врач-психиатр, ведущий научный сотрудник гериатрической психиатрии НМИЦ психиатрии и неврологии им. В.М. Бехтерева Наталья Михайловна Залуцкая и к.м.н., врач-невролог, зав. отделением неврологии и руководитель научно-клинического центра нейродегенеративных заболеваний Института мозга человека Ирина Валентиновна Милюхина разберут: диагностические критерии и дифдиагностику.;Здоровье
Ожирение затрагивает более 1 миллиарда человек, и число случаев продолжает расти. Что важно знать об ожирении, чтобы не давать бесполезных рекомендаций и не тратить на приеме время впустую? Эфир на эту тему пройдет в рамках цикла «Дневник эндокринолога профессора В. В. Фадеева». Член-корреспондент РАН, д.м.н., профессор, директор клиники эндокринологии, заведующий кафедрой эндокринологии Валентин Викторович Фадеев раскроет: ключевые аспекты патогенеза ожирения.;Здоровье
Острые кишечные инфекции (ОКИ) остаются одной из ведущих причин заболеваемости и смертности у детей.  По данным ВОЗ, ежегодно регистрируется около 1,7 млрд случаев диареи у детей младшего возраста, что может приводить к долгосрочным последствиям для здоровья, включая недоедание и нарушения развития. В трансляции из цикла «Инфекционная среда» академик РАН, д.м.н., профессор, заместитель директора по научной работе Центрального научно-исследовательского института Эпидемиологии Роспотребнадзора Александр Васильевич Горелов разъяснит: факторы, определяющие тяжесть и неблагоприятные исходы ОКИ.;Здоровье
Высокая частота сердечных сокращений (ЧСС) считается независимым фактором риска развития сердечно-сосудистых осложнений и ухудшения прогноза у пациентов с ишемической болезнью сердца, хронической сердечной недостаточностью и артериальной гипертензией. Когда нужно, а когда не нужно урежать пульс? В телесеминаре «Дискуссии о пульсурежающей терапии: расставим приоритеты» член-корреспондент РАН, профессор, заведующий кафедрой кардиологии, сердечно-сосудистой и торакальной хирургии Юрий Михайлович Лопатин разберет: показания и противопоказания к назначению пульсурежающей терапии.;Здоровье
Порядка 20% взрослых старше 60 лет испытывают легкие когнитивные нарушения, а критериям деменции соответствуют до 10% пациентов и более. В то же время частота обнаружения этих состояний увеличивается при наличии сопутствующей патологии. В эфире встретятся Владимир Владимирович Захаров, д.м.н., профессор кафедры нервных болезней и нейрохирургии Института клинической медицины им. Н.В. Склифосовского, и спикер Анна Николаевна Боголепова, д.м.н., профессор кафедры неврологии, нейрохирургии и медицинской генетики РНИМУ им. Н.И. Пирогова и руководитель отдела когнитивных нарушений Федерального центра мозга и нейротехнологий ФМБА России. Эксперты разберут: клинический спектр когнитивных нарушений.;Здоровье
По данным исследований, до 70% медицинских работников сталкиваются с симптомами эмоционального выгорания. При этом доля тяжелой формы выгорания достигает 32%. В телесеминаре «Профессия без права на слабость. Выгорание, долг и границы: как сохранить себя в медицине» врач-ревматолог, м.н.с. лаборатории остеоартрита НИИ ревматологии Дарья Александровна Кусевич и к.п.н., клинический и семейный психолог, нейропсихолог Татьяна Владимировна Львова проанализируют: симптомы и стадии профессионального выгорания у врачей.;Здоровье
Некариозные поражения твердых тканей зуба охватывают до 76% взрослого населения. Такие пациенты чаще сталкиваются с чувствительностью зубов после отбеливания, которую отмечают до 47% пациентов. В телесеминаре «Отбеливание зубов с абфракционными и клиновидными дефектами» к.м.н., доцент кафедры терапевтической стоматологии Наталья Николаевна Власова разберет: особенности диагностики и клинической картины.;Здоровье
Когнитивные нарушения развиваются у 30–70% пациентов, перенесших инсульт. Одним из ключевых факторов риска развития и прогрессирования когнитивных нарушений выступает фибрилляция предсердий (ФП). В эфире круглого стола «Когнитивные нарушения у пациента с ФП: тактика ведения после перенесенного инсульта» пройдет обсуждение с участием экспертов: ?? д.м.н., профессор, зав. кафедрой нервных болезней и нейрореабилитации Евгения Викторовна Екушева расскажет о проблеме постинсультных когнитивных нарушений, ?? к.м.н., зав. отделением для больных с ОНМК Надежда Харисовна Горст проведет клинический разбор, ?? к.м.н., доцент кафедры факультетской терапии Антон Владимирович Родионов представит рекомендации кардиолога по вторичной профилактике инсульта у пациента с ФП и когнитивными нарушениями. ?? Трансляция начнется 17 июня в 14:00 Нажмите кнопку «Напомнить», чтобы получить уведомление о начале. #неврология@firstmedtv #кардиология@firstmedtv;Здоровье
По данным исследований, более 20% детей сталкиваются с кожными проблемами. Как правильно интерпретировать кожные изменения, учитывая возрастные особенности, и когда требуется углубленная диагностика? В передаче «Дети – не маленькие взрослые! Семиотика поражений кожи у детей: от элемента сыпи до диагноза» в рамках цикла «Дети – не маленькие взрослые!» педиатр Анастасия Витальевна Пакина и дерматолог, трихолог Нина Александровна Сергеева обсудят: ?? ключевые особенности кожных поражений у детей.;Здоровье
"Измерение скорости света: исторический и современный подходы ?? Скорость света измеряется различными способами, и один из первых ""современных"" методов был предложен Оле Рёмером в 1676 году. Рёмер наблюдал за затмениями луны Ио Юпитера и заметил, что время их наступления изменяется в зависимости от расстояния между Землей и Юпитером. Он предположил, что когда расстояние больше, свету требуется больше времени, чтобы добраться до нас. Это приводит к небольшому, но измеримому смещению во времени затмений. Рёмер не был первым, кто исследовал эту идею, но он первым систематически проводил измерения на протяжении нескольких лет. ?? Он установил, что действительно существует заметная задержка, когда затмения Ио происходят, когда Юпитер и Земля находятся по противоположные стороны от Солнца. На основе данных Рёмерa Христiaan Гюйгенс затем оценил фактическую скорость света в 212,000 км/с. Это значение, конечно, примерно на 30% меньше современного, но все же удивительно хорошее результат для времени, когда это было сделано. ?? Современные измерения скорости света также проводятся в рамках навигации космических аппаратов. Эта навигация использует время прохождения радиосигналов, которые движутся со скоростью света в вакууме. Особенно точная навигация дальних космических аппаратов, таких как аппараты, путешествующие к внешним планетам, зависит от очень точных измерений скорости света. ?? Существуют и другие методы измерения, включая простые лабораторные установки с использованием современной электроники, которые способны измерять короткие временные интервалы, соответствующие прохождению световых сигналов на расстоянии всего нескольких сантиметров или меньше.";Наука и образование
Галактика Альционеус: крупнейшая галактика во Вселенной. Астрономы обнаружили крупнейшую галактику из когда-либо найденных - галактику Альционеус. Ее диаметр составляет 16,3 миллиона световых лет, что в 160 раз шире Млечного Пути и в четыре раза больше предыдущего рекордсмена, галактики IC 1101, которая простирается на 3,9 миллиона световых лет. Альционеус находится примерно в 3 миллиардах световых лет от Земли. ?? Эта галактика является особенно крупным примером радиогалактики, то есть галактики с сверхмассивной черной дырой в центре, которая поглощает огромное количество материи и выбрасывает ее в виде двух массивных струй плазмы, движущихся со скоростью, близкой к скорости света. Струи плазмы замедляются после путешествия на миллионы световых лет, распространяясь в облака, которые излучают свет в виде радиоволн. Лобовые части Альционеуса являются самыми большими из когда-либо обнаруженных. ?? Хотя галактики с массивными радиолобами не являются редкостью (у Млечного Пути есть два небольших облака), ученые озадачены тем, как Альционеус, относительно обычная галактика в своем ядре, смогла вырасти до таких монструозных размеров. Кроме своих огромных облаков, Альционеус является типичной эллиптической галактикой с общей массой примерно 240 миллиардов солнечных масс (половина массы Млечного Пути) и центральной сверхмассивной черной дырой массой 400 миллионов солнечных масс (в 100 раз менее массивной, чем самая большая черная дыра). На самом деле, центр Альционеуса небольшой по сравнению с центрами большинства радиогалактик.;Наука и образование
Как учёные определяют состав звёзд? Астрономы используют метод спектроскопии для анализа света (электромагнитного излучения), получаемого от звёзд, чтобы определить их химический состав. Разные материалы (элементы) по-разному взаимодействуют со светом, что означает, что узор поглощения и излучения света отличается.  ?? Анализируя свет, полученный от звёзд, через спектроскопию и определяя, какие цвета излучаются или поглощаются, а также относительные количества каждой длины волны, астрономы могут идентифицировать химический состав звезды.М;Наука и образование
Гидроцефалия: рождение без мозга ?? Гидроцефалия - это состояние, при котором младенец может родиться без мозговой ткани. В таких случаях череп младенца может быть прозрачным для света, что позволяет увидеть темное пространство внутри черепа. ? Это состояние встречается примерно в 1 случае из 5000 беременностей и обычно приводит к смерти ребенка в течение нескольких минут после рождения. Мозг управляет всеми функциями организма, и его отсутствие приводит к серьезным нарушениям. ?? Вместо мозга пространство заполняется спинномозговой жидкостью. Это состояние считается непоправимым и неприемлемым для жизни.;Наука и образование
Самый загадочный объект в нашей галактике ?? Одним из самых загадочных объектов в нашей галактике является PSRJ1719–1438 b — планета-пульсар, находящаяся на орбите нейтронной звезды. Она расположена на расстоянии 4 тысяч световых лет от Земли и вращается вокруг миллисекундного пульсара, который вращается с невероятной скоростью — 172 оборота в секунду. Нейтронные звезды представляют собой очень плотные остатки звезд, с гравитацией, способной разрушать атомы. Радиус этой звезды составляет всего 12 миль, но ее масса в 1.4 раза превышает массу Солнца. ?? PSRJ1719–1438 b обращается вокруг своего пульсара на очень близком расстоянии  ее орбита помещается внутри Солнца. Эта планета, по-видимому, состоит в основном из углерода — невероятно плотного углерода, который мы на Земле называем алмазом. Одна из наиболее распространенных теорий гласит, что PSRJ1719–1438 b когда-то была углеродной звездой-сопровождающей, которую нейтронная звезда обобрала от водорода и гелия, оставив позади более тяжелый углерод. Это полу-съеденная звезда, которая выглядит и ведет себя как планета из алмазов, в невозможном объятии гравитационного ужаса. ?? Несмотря на то, что планеты-пульсары не так уж многочисленны, астрономам относительно легко их обнаружить. Пульсары тикуют или мигают с крайне точными интервалами, сопоставимыми с атомными часами. Любые нарушения в этом ритме, вызванные планетами-пульсарами или даже более мелкими телами, легко поддаются обнаружению.;Наука и образование
Путешествие в галактику Андромеды: мечты и реальность ?? Для путешествия в галактику Андромеды потребуется большой космический корабль, множество людей, еды и развлечений. Это связано с тем, что путь будет долгим. Галактика Андромеда находится на расстоянии примерно 2.537 миллиона световых лет от Земли. Это очень большое расстояние. ? Если мы будем путешествовать со скоростью самого быстрого созданного человеком объекта - космического аппарата Voyager 2, которая составляет около 54,000 км/ч, то нам потребуется около 50.7 миллиардов лет, чтобы добраться до Андромеды. Это означает, что нам придется пережить примерно 1.69 миллиарда поколений, если каждое поколение составляет около 30 лет. ?? Таким образом, для такого долгого путешествия стоит подготовить много игрушек, чтобы дети на борту не плакали все время.;Наука и образование
Путешествие к ближайшим галактикам: невозможность с текущими возможностями ? Строительство космического корабля для путешествия к ближайшим галактикам считается не просто крайне сложной задачей, а совершенно невозможной с нашими текущими возможностями. ?? Основная причина заключается в том, что скорость ухода из нашей галактики составляет около 550 км/с. Самый быстрый созданный человеком объект, Паркеровский солнечный зонд, достиг скорости 170 км/с. Эта скорость слишком мала для покидания галактики. ?? Кроме того, он достиг такой скорости только благодаря падению к Солнцу и не смог бы покинуть его орбиту даже для попытки выйти за пределы галактики. ?? Самые быстрые объекты, которые мы когда-либо направляли за пределы нашей солнечной системы, это зонды Вояджер. Они достигли скорости около 17 км/с. Эта скорость также недостаточна для покидания галактики. ?? Таким образом, наши текущие возможности даже близко не подходят для того, чтобы перемещать что-либо с достаточной скоростью для покидания галактики. А это необходимо сделать в первую очередь для попытки достичь другой галактики.;Наука и образование
Катастрофические последствия: нейтронная звезда в нашей солнечной системе ?? Да, катастрофические последствия будут неизбежны. Астрофизики пришли к выводу, что нейтронные звезды могут существовать только при массе от 1.0 до 2.0 солнечных масс. Если бы нейтронная звезда вошла в нашу солнечную систему, гравитационно у нас было бы два массивных центра, конкурирующих за планеты, вместо одного стабильного. ?? Приближаясь к нашему Солнцу, нейтронная звезда нарушила бы орбиты планет, выбрасывая некоторые из них в холодные и темные области за Плутоном, а возможно, даже заставляя одну из планет быть поглощенной Солнцем или нейтронной звездой. Когда она покинет нашу систему, она унесет с собой некоторые планеты, облучая их жестким радиационным светом, но не предоставляя полезного света для жизни. ?? Если бы нейтронная звезда никогда не приближалась ближе к Солнцу, чем Юпитер, возможно, Земля осталась бы на своей орбите вокруг Солнца. Однако орбита стала бы более эллиптической, что привело бы к изменению климата и более экстремальным сезонам. ?? Существуют приложения для мобильных телефонов, в которых можно смоделировать взаимодействие Солнца, нейтронной звезды и Земли, и увидеть различные результаты в зависимости от начальных условий и скоростей. Все они будут представлять собой «гиперболические траектории», один проход, без «орбит».;Наука и образование
Уникальные планеты солнечной системы ?? В солнечной системе есть множество интересных небесных тел. Меркурий, находящийся на расстоянии 31,583 миллиона миль от Солнца, испытывает экстремальные колебания температуры, которые варьируются от 800°F до -290°F. На Меркурии существует лед, который находится в кратерах, затененных от солнечного света. ?? Венера считается одним из самых горячих мест в солнечной системе. Ее температура может достигать 870°F, что достаточно для плавления свинца и цинка. Это связано с тем, что атмосфера Венеры состоит в основном из парниковых газов, таких как углекислый газ. ?? Сатурн известен своими ветрами, которые могут превышать 1,100 MPH, что на 400 MPH быстрее скорости звука. Нептун также имеет суперзвуковые ветры, которые могут достигать 1,200 MPH. Кроме того, на Нептуне происходит дождь из алмазов, когда углерод попадает в атмосферу и кристаллизуется в алмазы. ? Эти факты подчеркивают уникальность и разнообразие планет нашей солнечной системы.;Наука и образование
Минимальная скорость работы процессора без ошибок ?? Процессор RCA 1802, выпущенный в 1976 году, имел статическую архитектуру CMOS и не имел минимальной частоты тактового сигнала. Это позволяло ему работать на очень низких скоростях и при низком потреблении энергии, включая возможность остановки тактового сигнала без ущерба для работы микропроцессора. Например, он мог работать при частоте 1 Гц. Поскольку большинство инструкций выполнялись за 16 тактов, выполнение одной инструкции занимало бы 16 секунд. Однако процессор мог работать и на еще более низких частотах, например, 0.1 Гц или 0.01 Гц. ?? Версия 1802, защищенная от радиации, использовалась во многих космических аппаратах, таких как Галилео, Хаббл и Магеллан. Более современные процессоры со статической архитектурой, способные полностью останавливать тактовый сигнал или работать на минимальных скоростях, включают Intel 80386EX (1994), предназначенный для встроенных систем, и W65C816S, статическую версию процессора 65C816, использовавшуюся в компьютере Apple IIgs.;Наука и образование
Может ли Марс иметь постоянную атмосферу? ?? Ранее у него была плотная атмосфера, возможно, даже толще, чем у Земли. Она существовала несколько миллиардов лет и поддерживала океаны. Однако Марс потерял свое магнитное поле из-за отсутствия крупного спутника, который мог бы влиять на его ядро с помощью приливных сил. Магнитное поле защищает атмосферу от солнечного ветра. ?? Когда магнитное поле исчезло, солнечные ветры постепенно сносили атмосферу на протяжении десятков миллионов лет. Марс остыл, и вся вода замерзла. Существует несколько способов, которыми планета может потерять атмосферу. Один из них, связанный с размером, называется потерей Жана. Это простой кинетический процесс, при котором кинетическая энергия некоторых молекул в верхней атмосфере превышает скорость убегания планеты. ?? Важно отметить, что скорость этих молекул зависит от температуры и молекулярной массы: меньшая масса равна большей скорости и, следовательно, большей вероятности убежать. График показывает взаимосвязь. Обратите внимание, что Марс находится в той же полосе, что и Земля. Это говорит о том, что из-за более низкой температуры верхней атмосферы он так же способен удерживать атмосферу, как и Земля, и когда-то удерживал. ?? Ему просто нужно магнитное поле, чтобы не терять атмосферу из-за солнечных ветров.;Наука и образование
Есть ли у Августа Цезаря живые потомки? ?? Да, у Августа Цезаря есть живые потомки. Несмотря на распространенное мнение, что прямая линия Августа прервалась во времена Нерона из-за его приказа убить всех родственников, это не так. Старшая правнучка Августа, Эмилия Лепида, вышла замуж при его жизни, и он стал прапрадедом еще до своей смерти. ?? Большинство детей Эмилии Лепиды были убиты, но одна праправнучка Августа, Юния Лепида, дожила до того, что у нее появились собственные дети. Одной из ее внучек была Домиция Лонгина, жена императора Домициана. Таким образом, она является прямой наследницей Августа. ?? Нерон действительно убил многих своих родственников, но ему не удалось добраться до всех. Если проследить родословную Юнии Лепиды, можно обнаружить множество потомков среди известных людей Рима: сенаторов, консулов и даже императоров. Известная родословная Августа Цезаря просуществовала еще как минимум 200 лет после его смерти. ?? Мы можем с уверенностью сказать, что у Августа есть живые потомки. Хотя мы никогда не узнаем, кто они и где находятся, возможно, его род продолжается. Это произошло не потому, что Нерон не пытался уничтожить всех потомков первого императора, а потому что ему это не удалось.;Наука и образование
"Холоднейшее место в Галактике Млечный Путь ?? Холоднейшим естественным местом в нашей галактике является Туманность Бумеранг, расположенная в созвездии Центавра на расстоянии 5000 световых лет от Земли. Её температура составляет -272 градуса Цельсия, что всего на один градус выше абсолютного нуля (0 K). Насколько нам известно, это также самое холодное место во Вселенной. ?? Причина такой низкой температуры в том, что умирающая звезда в центре туманности выбрасывает газ во всех направлениях. Из-за этого окружающая область - туманность - становится холоднее с каждой секундой. ?? Однако самый низкий температурный показатель в Млечном Пути и во всей Вселенной был достигнут искусственным путем здесь, на Земле, в 2015 году. Ученые из MIT смогли охладить молекулы натрия и калия до температуры всего 500 нанокельвинов. Это -273.1499995 градуса Цельсия, что в миллион раз холоднее межзвёздного пространства. На атомном уровне ученые полагают, что эти молекулы выглядели следующим образом: При такой температуре атомы прекращают движение и вместо этого слипаются вместе, пока не начинают вести себя как один ""суператом"".";Наука и образование
Почему старые игры программировались на ассемблере, когда существовали языки более высокого уровня? ?? Старые игры, такие как Elite, были разработаны с использованием ассемблера из-за ограниченных ресурсов компьютеров того времени. Elite был первой игрой с трехмерной графикой в реальном времени, созданной для BBC Microcomputer, который имел 8-битный процессор с тактовой частотой 2 МГц и 32 кБ памяти. Из них 10 кБ использовалось для изображения на экране, оставляя 22 кБ для кода и данных игры. Программисты стремились максимально эффективно использовать вычислительные мощности машины и минимизировать размер кода. С интерпретатором BASIC в ROM, программисты могли использовать его. Однако интерпретируемый BASIC значительно медленнее ассемблера, говорится в тексте. Но благодаря компактному токенизированному представлению, код BASIC занимал меньше места, чем машинный код. Поэтому BASIC использовался для менее критичных по скорости задач, таких как торговля на космических станциях, в то время как все остальное выполнялось на машинном коде. ?? Для BBC Micro было доступно несколько компиляторов, включая компилятор для BASIC и Pascal. Однако они генерировали код, который был гораздо больше и медленнее, чем тот, который можно было получить из ручного написания машинного кода. BBC BASIC имел встроенный ассемблер, что позволяло писать код в символьном ассемблере и компилировать его в бинарный машинный код. Распространенной стратегией было написание кода в символьном ассемблере, его компиляция, удаление программы BASIC из памяти и затем выполнение машинного кода. В качестве альтернативы можно было сохранить машинный код на ленте или диске и затем загрузить несколько частей машинного кода перед его выполнением, чтобы создать программы машинного кода большего размера, чем можно было бы сгенерировать из одной программы BASIC. ?? Важным аспектом разработки игр было также использование различных режимов экрана. Например, в Elite верхняя часть экрана была в черно-белом режиме шириной 320 пикселей, а нижняя часть использовала четырехцветный режим шириной 160 пикселей. Программа настраивала таймер для изменения режима экрана во время обновления экрана, чтобы сэкономить память. Старые игры использовали машинный код, потому что это был единственный способ добиться приемлемой скорости игр при ограниченной памяти машин того времени.;Наука и образование
"Жир бедных грешников: необычные медицинские практики XVI века ????? В XVI веке в Европе существовала удивительная практика использования человеческого жира в медицине. Люди, страдающие от различных заболеваний, таких как артрит или зубная боль, могли обратиться в аптеку за Axungia hominis - человеческим жиром, известным как ""жиром грешников"". Этот жир обычно получали из тел казнённых преступников. ?? Для палачей это было выгодным бизнесом. Они собирали жир с тел казнённых и продавали его врачам. В Германии до середины XVIII века палачи даже готовили собственные смеси из человеческого жира. ?? Однако жир добывали не только из тел казнённых. Его также собирали с тел павших солдат. Например, после осады Остенде в 1601 году голландские хирурги собирали жир с поля боя для лечения раненых солдат. ?? Человеческий жир использовался для лечения различных заболеваний, обычно в виде мази. Считалось, что он особенно эффективен для уменьшения рубцов и заживления ран. Вера в целебные свойства человеческого жира не была полностью безосновательной. Теперь известно, что жировая ткань может способствовать росту новых кровеносных сосудов. ?? Однако с течением времени запасы человеческого жира для медицинских нужд сократились, как и желание использовать жир из мёртвых тел. В наши дни мы предпочитаем накапливать жир в других местах нашего тела.";Наука и образование
Путешествие Вояджеров: через миллионы лет ?? В космосе продолжают свое путешествие два космических аппарата - Вояджер 1 и Вояджер 2, движущиеся в разных направлениях. Вояджер 1 направляется в сторону созвездия Малой Медведицы, а Вояджер 2 - к созвездию Андромеды. За 50 лет они преодолели расстояние чуть менее одного светового дня. Если extrapolировать это на миллион лет, то Вояджер 1 может достичь расстояния около 52 световых лет, а Вояджер 2 - около 43 световых лет. К сожалению, хотя мы можем экстраполировать курс, мы не можем знать, столкнутся ли они в будущем с каким-либо объектом или изменят ли их курс мелкие частицы. ?? Текущие скорости Вояджеров составляют 16999 метров в секунду для Вояджера 1 и 15374 метра в секунду для Вояджера 2. При умножении этих значений на миллион лет получается около 55 световых лет для Вояджера 1. Однако, несмотря на возможность экстраполяции курса, неизвестно, столкнутся ли они с каким-либо объектом или изменят ли их курс мелкие частицы. ?? Можно предположить, что Вояджеры продолжат свое движение в сторону незначительных звезд в созвездиях Малой Медведицы и Андромеды.;Наука и образование
"Нептун: самая страшная планета в нашей солнечной системе ?? Нептун, ледяной гигант, часто воспринимается как спокойная планета из-за своего красивого синего цвета, но не дайте его атмосферному цвету обмануть вас. На самом деле, Нептун - это бурный и динамичный мир с экстремальными условиями. Он находится на самом дальнем расстоянии от Солнца - 30 астрономических единиц от Земли - и испытывает невероятно холодные температуры и мощные ветры, которые могут достигать сверхзвуковых скоростей. ?? Атмосфера Нептуна известна своими мощными штормами и быстро меняющимися особенностями. Уникальность атмосферы Нептуна заключается в ""алмазном дожде"" и потенциальных колоссальных землетрясениях и цунами. ";Наука и образование
Эволюция расположения мозга в голове человека ?? Мозг человека расположен в голове по нескольким причинам, связанным с эволюцией и функциональностью. Во-первых, глаза являются частью мозга и должны быстро двигаться для восприятия окружающего мира. Близкое расположение глаз к мозгу минимизирует задержку сигнала между ними и анализирующими сигналами частями мозга. ?? Также важно минимизировать затраты на создание и поддержание связи между мозгом и глазами. Другие органы чувств, такие как обоняние и слух, также тесно связаны с мозгом и находятся в его непосредственной близости. ?? С эволюционной точки зрения зрение является одним из древнейших органов чувств. Оно развивалось вместе с мозгом как центром управления и анализа сигналов. У всех живых существ наблюдается наличие головы с мозгом и органами чувств на одном конце пищеварительной трубки. ?? Плоский червь, похожий на нашего предка, жившего 750 миллионов лет назад, стал основой для эволюции как людей, так и осьминогов.;Наука и образование
Возможность сохранения человеческого мозга вне тела ?? Сохранение человеческого мозга вне тела представляет собой сложную задачу. Мозг не является отдельной частью тела, а интегрированной частью нервной системы. Для его отделения необходимо перерезать ствол головного мозга, который регулирует жизненно важные функции, такие как сердечный ритм и дыхание. Это делает процесс отделения мозга крайне сложным и рискованным. Вы не сможете снова подключить мозг к нервной системе. ?? Тем не менее, существует возможность сохранить мозг живым при условии хорошего кровоснабжения и поступления ликвора. Однако неясно, будет ли мозг находиться в сознании или испытывать боль. Если отделить ствол головного мозга от самого мозга, то он, скорее всего, потеряет сознание, так как ствол головного мозга также регулирует уровень сознания. ?? Таким образом, хотя теоретически возможно сохранить мозг живым вне тела на некоторое время, практическое осуществление этого процесса сопряжено с огромными трудностями и рисками.;Наука и образование
"Как Voyager 2 достиг межзвёздного пространства? ?? Убеждение в том, что для выхода из солнечной системы необходимо преодолеть единую скорость убегания, является ошибочным. Эта скорость зависит от расстояния до барицентра солнечной системы, который находится близко к Солнцу. Скорость убегания от Солнца составляет 42.1 км/с, но максимальная зафиксированная скорость Voyager 2 составляет 16 км/с. ?? Однако Voyager 2 не нуждался в достижении этой скорости для выхода в межзвёздное пространство. Он лишь должен был достичь Юпитера. Затем он получил гравитационный ассист от Юпитера, который увеличил его скорость выше скорости убегания от Солнца на расстоянии Юпитера. Обратите внимание, как скорость Voyager, оранжевая линия, подскакивает выше (быстро падающей) линии скорости убегания во время встречи с Юпитером. ?? С этого момента он уже не возвращался. Но по мере посещения других планет, чтобы добраться до следующей быстрее, он также получал гравитационные ассисты от них, что обычно делало его ещё быстрее. Кинетическая энергия, которую он имел после Юпитера, была больше энергии, необходимой для того, чтобы переместить что-то массой Voyager от той точки до (условной) точки, где гравитация Солнца больше не оказывала бы никакого влияния. Та ""дополнительная"" энергия всегда будет проявляться как скорость вдали от Солнца.";Наука и образование
Почему звезды и планеты кажутся нам неподвижными, несмотря на вращение Земли? ?? Земля вращается с большой скоростью, но мы видим звезды и планеты так, как будто наблюдаем за ними с неподвижного объекта. Если понаблюдать за звездами в течение часа, становится очевидно, что что-то не стоит на месте. Например, если встать на расстоянии 6 футов от шоссе и смотреть, как мимо проезжают машины со скоростью 60 миль в час, а затем поднять взгляд на самолет на высоте 33000 футов, который проходит мимо со скоростью 550 миль в час, можно заметить интересный эффект. ?? Почему самолет кажется движущимся медленнее, чем машины? Ответ заключается в том, что чем дальше находится объект, тем больше ему нужно пройти, чтобы покрыть тот же угол вашего зрения. Объект будет казаться движущимся медленнее, если его видимая угловая скорость меньше - независимо от истинной скорости. У человеческого глаза угол обзора составляет около 160 градусов. Машины на шоссе могут пересечь этот угол за секунду или две. Самолету потребуется несколько минут. ? Время, необходимое для наблюдения за звездами, зависит от скорости вращения Земли. 360 градусов за 24 часа говорит нам о том, что звездам потребуется более 10 часов, чтобы пересечь эти 160 градусов. Если вы нетерпеливы, это может привести к мысли, что звезды неподвижны.;Наука и образование
Путешествие через червоточины: возможно ли достичь недоступных участков Вселенной? ?? Теоретически возможно ли путешествовать через червоточины к частям Вселенной, где свет от Земли еще не достиг? Ответ на этот вопрос связан с концепцией черных дыр и червоточин, предложенной Эйнштейном и Розеном. Если такие структуры действительно существуют, то они могут служить кратчайшим путем через пространство, обходя законы относительности. Вы не путешествуете через пространство, вы путешествуете через укороченный путь, который соединяет одну часть пространства с очень удаленной частью пространства. ?? Однако, если мы говорим о возможности пересечения мультивселенных через червоточины, то это остается предметом дебатов. Многие физики и космологи высказывали предположения о том, что проходимая червоточина может даже позволить это, если существует мультивселенная или хотя бы две другие теневые вселенные. Расстояние в наблюдаемой вселенной до расстояния, которое свет мог бы пройти за прошедшее время с момента большого взрыва, было бы совершенно несущественным.;Наука и образование
Планета, на которую никогда не высаживались ?? Планета, на которую никогда не осуществлялась высадка, - это Нептун. Все другие планеты Солнечной системы либо имели успешные высадки, либо были исследованы с помощью зондов. Меркурий был исследован зондом MESSENGER, который намеренно врезался в его поверхность, но это не считается высадкой. Венера имела несколько успешных высадок, проведенных Советским Союзом, а также четыре зонда от США, которые вошли в атмосферу, но также были ударными зондами. ?? Марс является основной целью для высадок и орбитальных миссий, так как это единственная другая планета, достаточно гостеприимная для создания колонии. Юпитер имел атмосферный зонд, который прошел через его атмосферу, но не было возможности обнаружить твердую поверхность. Сатурн имел зонд Cassini на орбите в течение многих лет, прежде чем был отправлен в атмосферу Сатурна, где сгорел. ?? Уран и Нептун имели только один пролет, осуществленный зондом Voyager 2. Плутон был исследован в ходе миссии New Horizons, которая выполнила пролет.  на момент запуска New Horizons Плутон еще считался планетой, но к моменту прибытия он был переведен в статус карликовой планеты.;Наука и образование
"Возможность увидеть радиацию Большого взрыва ?? Да, это возможно. Для этого вам понадобится старый телевизор с электронно-лучевой трубкой (CRT). Не подключайте антенну, просто включите его и настройте на неактивный канал в вашем районе. В результате вы увидите помехи, которые являются результатом воздействия случайных радиоволн. Около одной трети этого ""статического"" изображения составляет космическое микроволновое излучение от ""Большого взрыва"". Остальная часть - это случайные радиопередачи от ближайших звезд, таких как солнце, и наземные источники, такие как микроволновые связи между телевизионными студиями и их передающими антеннами. ?? Если вы хотите получить более профессиональный результат, вам понадобится специальная антенна. Например, микроволновая антенна Hormel, которую использовали Пензиас и Уилсон, работавшие в Bell. Они исследовали, почему микроволновые связи Bell имели так много помех. Их исследования показали, что источник помех находится ""везде одинаково в каждом направлении"". После некоторых расчетов они поняли, что наткнулись на остатки радиации от Большого взрыва. Они опубликовали свои результаты и выводы и получили Нобелевскую премию.";Наука и образование
Почему Юпитер не сталкивается с троянскими астероидами во время своего движения? ??  Юпитер, будучи крупнейшей планетой в солнечной системе, не разрушает все на своем пути благодаря особенностям гравитации. Гравитация - это сила, которая притягивает объекты друг к другу, но также поддерживает их в равновесии. Именно поэтому Земля не сталкивается с Солнцем, а Луна - с Землей. Все они вращаются вокруг общего центра масс, который немного смещен от Солнца. ?? Юпитер обладает большой массой и, следовательно, сильной гравитацией. Однако у него также много соседей: Солнце, Сатурн и тысячи астероидов. Некоторые из этих астероидов называются троянскими Юпитера, потому что они разделяют его орбиту вокруг Солнца. Они не просто случайные камни, плавающие в космосе.;Наука и образование
"Почему боги из древних мифов так похожи на инопланетян? Можно ли измерить веру как нейросигнал? И как культурные коды распространяются по обществу... почти как вирусы или сигналы в космосе? Всё это — не вопросы религии. Это вопросы науки о культуре. О том, как мыслит человек. Как рождаются символы. Как идеи захватывают умы и выживают в борьбе за внимание, словно меметические гены. Канал «Лаборатория Культур» исследует культурные коды, психологию мифов, поведение современных верований, и то, как всё это влияет на тебя прямо сейчас. Это не про ""культуру"" в академическом смысле. Это про культуру как нейросеть. Посты читаются за 2 минуты, но переворачивают мышление надолго. Если тебе нравится думать, как мыслит Вселенная — подпишись на Лабораторию Культур.";Наука и образование
Почему Земля не видна полностью с Луны? ?? Земля полностью видима с Луны. Если вы основываете свой вопрос на фотографиях, таких как эта, то причина, по которой Земля выглядит как полукруг, а не как полный круг, заключается в том, что фотография была сделана в дневное время на Луне. Солнце находится прямо над головой и освещает как Землю, так и Луну. Если бы фотография была сделана ночью на Луне, наблюдатель на Луне мог бы посмотреть вверх и увидеть полную Землю, так же как мы часто видим полную Луну. Для того чтобы Земля выглядела как полный круглый диск (как полная Луна), Луна должна находиться между Землей и Солнцем.;Наука и образование
"Элементы во Вселенной, которые не могут быть созданы звездами ?? Некоторые элементы во Вселенной не могут быть созданы звездами из-за ограничений в их ядерных процессах. Радиоактивные элементы имеют последовательность распада, например, каждый атом аргона в моем цилиндре для сварки нержавеющей стали был конечным продуктом атома калия-40, который распался. Существует также ""последовательность слияния"" - звезды являются единственными известными объектами с достаточной энергией для выполнения этого в больших количествах. Они сливают водород в гелий (наш солнце делает это в течение следующих 4 миллиардов лет), гелий в углерод, углерод в кремний, кремний в железо… в конечном итоге вы получаете большой кусок железа, потому что нет способа для звезды менее 100 солнечных масс сгенерировать достаточно энергии для слияния его в, скажем, теллурий. ?? Для звезд массой 100 солнечных масс и более это другая история. Когда они достигают конца своей жизни, они становятся сверхновыми и взрываются, сливая элементы до урана-238, потому что у них есть энергия для этого. Вся золото и платина на Земле были созданы в сверхновых. Правило среди сверхгигантских звезд, похоже, живи быстро, умри молодым - и имей зрелищные похороны.";Наука и образование
"Прогнозирование поведения Земли, Луны и Солнца в системе трех тел ?? Несмотря на то, что для трех тел невозможно найти закрытое решение, мы все же можем предсказать поведение Земли, Луны и Солнца относительно друг друга, но только в краткосрочной перспективе. В долгосрочной перспективе это невозможно из-за хаотической природы системы. Отсутствие закрытого решения означает, что мы можем использовать только численные методы. Однако численные методы в конечном итоге терпят неудачу для хаотической системы, включая систему Земля-Луна-Солнце. ? При достаточном количестве итераций даже малейшая неопределенность измерений накапливается до тех пор, пока не затмит фактическое значение. Например, через миллиард лет относительные позиции Земли, Луны и Солнца будут практически случайными. Возможно даже, что одно из каменистых тел будет выброшено полностью за пределы солнечной системы. ?? Тем не менее, мы все еще можем предсказать их положение на следующий месяц, год и столетие. Для коротких периодов мы можем приблизить систему как задачу двух тел, для которой существует закрытое решение, которое можно решить точно. И поскольку ""короткие периоды"" все еще означают ""дольше, чем люди ведут измерения"", они достаточно хороши для всех практических целей.";Наука и образование
Студенты Школы анализа данных Яндекса совместно с Yandex B2B Tech и ДВФУ создали нейросеть, которая помогает определить загрязненность мусором на побережьях водоемов Нейросеть анализирует снимки побережья, которые сделаны с помощью аэрофотоснимков и отмечает координаты расположения мусора С помощью решения можно рассчитать количество техники для уборки. На данный момент нейросеть уже была испробована в Южно-Камчатском федеральном заказнике. Благодаря ей организовать уборку удалось в 4 раза быстрее, что упростило задачу для волонтеров и улучшило ситуацию с загрязнением. Сейчас нейросеть уже помогла волонтерам убрать 5 тонн мусора. В дальнейшем технологию планируют использовать в других заповедниках Дальнего Востока и Арктики.;Наука и образование
"Запрет на использование эмблемы Красного Креста в Индии ?? В Индии использование знака плюс, который на самом деле является эмблемой Красного Креста, является незаконным для врачей, фармацевтов и скорой помощи. Эта эмблема защищена Женевской конвенцией 1949 года, подписанной Индией. Международный комитет Красного Креста (МККК) уже долгое время пытается остановить ""неправомерное"" использование своей зарегистрированной эмблемы медицинскими учреждениями и практикующими врачами. Эмблема Красного Креста на белом фоне была признана в 1864 году как отличительный знак для медицинских команд на поле боя.  Индийское общество Красного Креста отмечает, что использование эмблемы Красного Креста больницами, клиниками, банками крови и даже скорыми помощью считается злоупотреблением и наказывается штрафом в размере 500 рупий. ?? Для врачей в Индии существует другой символ, который хотя и популярен в США и Индии, но не является полностью корректным. Для скорых помощи правильным символом является Звезда жизни, а для фармацевтов - жезл Асклепия.";Наука и образование
Почему период геостационарных спутников не равен 24 часам? ?? Вы только что узнали о разнице между сидерическим и солнечным днем. Сидерический день - это время, за которое Земля вращается на 360 градусов относительно фиксированной точки, такой как далекие звезды. Земле требуется 23 часа, 56 минут и 4 секунды для полного вращения. Солнечный день - это время, за которое Земля вращается так, чтобы Солнце снова появилось в том же месте на небе. На это уходит 24 часа.  ?? Разница между этими двумя понятиями заключается в том, что Земля также вращается вокруг Солнца. Рисунок слева игнорирует это вращение и показывает только вращение Земли вокруг своей оси. После 23 часов, 56 минут и 4 секунд вращения стрелка снова будет указывать на Солнце. Это было бы нашим определением дня, если бы Земля не вращалась вокруг Солнца. ?? Однако рисунок справа показывает, что из-за этого вращения стрелка больше не указывает прямо на Солнце. Земля переместилась почти на градус вокруг Солнца, поэтому ей нужно вращаться еще на один градус. Если мы разделим количество минут в дне на 360, то увидим, что Земле нужно продолжать вращение еще 3 минуты и 56 секунд, чтобы стрелка выровнялась с радиальным вектором к Солнцу.  ?? Теперь перейдем к геостационарному спутнику. Этот спутник не заботится о видимом положении Солнца с поверхности Земли. Он ориентирован на фиксированную точку на Земле. Если Земле требуется 23 часа, 56 минут и 4 секунды для полного вращения, то геостационарная орбита также должна длиться 23 часа, 56 минут и 4 секунды, что составляет 1436 минут и 4 секунды.;Наука и образование
"Тайны черных дыр: мифы и реальность ?? Мистерия черных дыр во многом обусловлена нашим ограниченным знанием о них и восприятием времени, связанным с черными дырами. Большая часть загадок вокруг черных дыр возникает из популярных научных источников, которые, откровенно говоря, делают их более таинственными, чем они есть на самом деле. Это не означает, что черные дыры не являются странными объектами, но, возможно, они не так уж странны, как люди склонны верить после прочтения популярной научной статьи или книги. ?? Концепция существования объекта с такой плотностью и компактностью, что даже свет не может покинуть его поверхность, предшествует теории относительности более чем на век. Как мы знаем, первым, кто опубликовал статью о возможности того, что свет, испускаемый таким объектом, упадет обратно на объект вместо того, чтобы уйти в бесконечность, был Джон Мишель в 1783 году. ?? Современное представление о черной дыре восходит к работе Карла Шварцшильда, который в 1916 году представил первое ""чистое"" аналитическое решение уравнений поля Эйнштейна. В теории Эйнштейна гравитация подразумевает релятивистское замедление времени. Чем сильнее гравитационное поле, тем медленнее идут часы по сравнению с часами в пустом пространстве, вдали от источников гравитации. Если объект достаточно тяжел и компактен, возможно, можно подойти к нему так близко, что гравитационное замедление времени станет бесконечным! ?? Это приводит к тому, что не только свет не может покинуть такой объект, но он замедляется до такой степени, что фактически становится ""замороженным"". Изначально Эйнштейн не воспринимал это предсказание слишком серьезно. Однако было обнаружено, что это ""бесконечное замедление времени"" применимо только тогда, когда мы рассматриваем объект Шварцшильда снаружи. Наблюдатель, который фактически падает к объекту, достигнет этого ""горизонта"" за конечное время, измеряемое его часами. ?? Если это так, то он представляет собой точку (или скорее момент времени) невозврата: если наблюдатель пересекает этот порог, спасения нет. Это осознание вызвало большой интерес и попытки понять, как будет выглядеть этот ""интерьер"". Ведущие к этому математические техники привели к открытию того, что эти регионы могут иметь удивительные свойства. ?? Они могут быть воротами в другие места во вселенной или даже в параллельные/альтернативные вселенные. ""Сингулярность"", которую они хранят, может иметь сложную структуру и, возможно, даже функционировать как машина времени. И это только классическая теория! ?? Затем приходит квантовая физика, которая, прежде всего, предполагает, что черные дыры ""испаряются"" со временем как тепловое излучение. Это само по себе удивительно, но есть еще более странный поворот: испарение - это действительно случайное тепловое излучение, которое нарушает поведение запутанных квантовых систем, стирая информацию, которая характеризует эти системы. Это ""парадокс потери информации"", который до сих пор не имеет разрешенного решения и может не быть полностью разрешен, пока у нас не будет лучшего понимания квантового поведения гравитации.";Наука и образование
Мангровые болота: естественная преграда для цунами ?? Цунами невозможно остановить, но во время цунами в Индийском океане в 2004 году было обнаружено одно обстоятельство, которое замедляет его движение. Это мангровые болота. ?? Мангровые деревья - одни из немногих крупных растений, которые могут расти в соленой воде и подниматься над ней. Они также не против того, чтобы их корни постоянно находились под водой. Однако для человека они не выглядят привлекательно, как пляжи, поэтому их часто уничтожают для улучшения навигации и видов на воду. ?? Тем не менее, во время цунами высотаIncoming tide была примерно на две трети ниже, когда он проходил через мангровые болота, по сравнению с тем, когда он ударял по открытым пляжам.;Наука и образование
"Мальчик для порки: необычная профессия в истории ?? Мальчик для порки - это не совсем профессия, а скорее призвание. В феодальные времена существовала практика, когда мальчик, выросший вместе с дворянским ребенком, становился его ""мальчиком для порки"". У них была близкая связь. Если дворянин совершал проступок, мальчик для порки получал за него наказание. Учитель не имел права бить дворянина, но это обычно помогало дисциплинировать его, потому что он любил своего друга и испытывал угрызения совести, когда тот страдал из-за него.";Наука и образование
Как Марс и Венера получили или потеряли свою воду по сравнению с Землей? ?? Все три планеты получили свою воду в результате бомбардировки миллиардами крошечных комет, которые представляют собой не что иное, как шар воды. Они продолжают оказывать влияние на планеты постоянно. ?? Как они потеряли воду, в основном касается Венеры. У нее есть эффект парникового газа, который закипятил всю воду. На протяжении миллиардов лет она была утеряна в космос. ?? Марс, с другой стороны, имел плотную атмосферу из CO2 и океаны. Когда он потерял свое магнитное поле, солнечные ветры медленно снесли атмосферу, и он стал холодным. По мере этого вода в основном замерзла на месте. ?? Вот карта водяного льда на Марсе от NASA. Везде от примерно 45 градусов широты до полюсов есть водяной лед на глубине менее метра от поверхности, как указано цветами. Большая часть из них покрыта слоем реголита, кроме полюсов, где ледяные шапки явно видны. ?? Ученые оценивают, что от 40% до 99% воды, которая когда-то составляла обширные океаны, все еще там. Неясно, есть ли водяной лед ближе к экватору и просто немного глубже.;Наука и образование
"Опасность черных дыр: мифы и реальность ?? Существует ли реальная угроза от черных дыр, находящихся вблизи Земли? Многие люди воспринимают черные дыры как ""гигантские пылесосы"", способные поглотить все вокруг. Однако это не совсем так. ?? Например, всего в восьми световых минутах от нас находится звезда. Если бы Земля упала в нее, мы бы все быстро погибли. Но, к счастью, это не произошло, и звезда уже более 4 миллиардов лет вращается вокруг Солнца. Это верно для всей галактики: вся масса движется по большому кругу вокруг центра галактики. ?? Если бы черная дыра находилась на расстоянии четырех световых лет, она оставалась бы на этом расстоянии в течение следующих нескольких миллиардов лет. Через миллиард лет Земля будет уничтожена Солнцем, когда оно начнет превращаться в красного гиганта. То, что произойдет после этого, не повлияет на жизнь на Земле, потому что ее уже не будет. ?? Если бы звезда или звездная черная дыра прошли мимо нашей солнечной системы на расстоянии одного светового дня, мы все погибли бы. Орбиты планет были бы сильно искажены, и некоторые могли бы упасть в Солнце, а другие изменили бы свои орбиты на сильно эллиптические. Однако этого никогда не происходило за последние 5 миллиардов лет, иначе не осталось бы планет с почти идеальными круговыми орбитами.";Наука и образование
"Происхождение слова ""Донер"" и его значение в немецком языке ?? Слово ""Донер"" происходит из турецкого языка и означает ""вращающийся"". Полное название блюда - ""дёнер кебап"", что переводится как ""вращающееся мясо"". Это связано с тем, что мясо готовится на вертикальном вертеле, который вращается. Этот традиционный турецкий способ приготовления мяса существует уже несколько веков. ???? В Германию этот метод был привезен мигрантами примерно в 1970 году. В Германии для приготовления дёнер кебапа турки используют телятину или курицу, тогда как в Турции также часто используется баранина. Мигранты из Греции принесли с собой похожее блюдо - ""гирос"", которое также означает ""вращающийся"". Однако греки в основном используют свинину для приготовления гироса. ?? vПриправы, соусы и способ подачи этих блюд несколько различаются. Гирос обычно подается с цацики и луком, в то время как дёнер кебап предлагается с выбором соусов, салатом и по желанию - с пуль бибер (паприка-чили порошком).";Наука и образование
Пуля .50 калибра в космосе: как далеко она может пролететь за час? ?? Многие считают, что стрельба из снайперской винтовки .50 калибра в космосе невозможна. Однако, это не так. Пуля действительно может быть выпущена в космосе. Процесс сгорания пороха, который происходит внутри патрона и ствола винтовки, не требует наличия внешнего кислорода. ?? Важно отметить, что в космосе отсутствует атмосфера, что означает отсутствие сопротивления воздуха. Это позволяет пуле двигаться без замедления. Таким образом, пуля может продолжать свой путь практически бесконечно, пока не столкнется с каким-либо объектом. ? Если говорить о времени, то за один час пуля может преодолеть огромное расстояние. В зависимости от начальной скорости и угла выстрела, пуля может пролететь миллионы километров. Однако, в реальных условиях существуют различные факторы, которые могут повлиять на ее траекторию и скорость.;Наука и образование
Почему Homo sapiens остались единственным видом людей? ?? 100 000 лет назад на Земле существовало по меньшей мере 6 видов людей. Однако сегодня мы остались единственным выжившим видом. Почему так произошло? ?? Одним из объяснений является наше стремление к исследованию и освоению новых территорий. Люди - единственные существа, которые покорили все пригодные для жизни уголки планеты. Мы также обладаем способностью к быстрому размножению, что позволяет нам вытеснять конкурентов. ??Физические и умственные способности современных людей также сыграли важную роль в нашем выживании. У нас есть мозг, способный к разработке передовых технологий, сложные языки для общения и сотрудничества, а также физическая выносливость для охоты. ?? Другие виды гомининов не обладали всеми этими характеристиками. Например, неандертальцы были менее технически развиты и объединялись в небольшие группы. Они сосуществовали с современными людьми на протяжении тысяч лет, что привело к их медленному вымиранию. ?? Денисовцы известны только по ДНК, найденной в Сибири, а Homo Naledi имели маленький мозг, но были хорошими путешественниками. Однако из-за их низких умственных способностей они стали легкой добычей для современных людей. ?? Вероятно, существовали и другие виды, о которых мы никогда не узнаем.;Наука и образование
"Контроль птицами своих физиологических функций: мифы и реальность ?? Птицы не имеют мочевого пузыря, что является одной из их адаптаций к полету. Вместо этого они выделяют ""мочу"" в виде белой пасты, смешанной с фекалиями, через клоаку - единственное отверстие для выделения отходов. Когда они сидят в гнезде и им нужно испражниться, они встают, отворачиваются от солнца и выпускают белую пастообразную струю, состоящую из фекалий и мочи. ?? Некоторые виды птиц могут контролировать свои выделения. Например, голубоногие олуши на Галапагосских островах отворачиваются от солнца перед тем, как испражниться. Это говорит о наличии у них сфинктера с произвольным контролем. Я также знаю, что многие птицы испражняются непосредственно перед полётом (как и летучие мыши), чтобы немного облегчить своё тело. ?? Птицы, гнездящиеся на деревьях, также могут контролировать процесс выделения. Они встают и свешивают хвост за край гнезда или дупла перед тем, как испражниться. Это предотвращает загрязнение гнезда. Когда чайки и крачки собираются в стаю, они зависают над человеком или хищником и обильно испражняются на своего врага. ?? Таким образом, некоторые виды птиц действительно могут контролировать свои физиологические функции. Это позволяет им избежать загрязнения своего гнезда и облегчить тело перед полетом.";Наука и образование
Всю линейку iPhone 17 показали на одном фото — инсайдер Majin Bu сравнил девайсы друг с другом. Базовый iPhone 17 почти не отличается от 16-го, Plus-версии в этом году не будет. В iPhone 17 Pro из-за нового блока камер «переехало» фирменное яблоко — теперь оно не по центру корпуса, а ниже. Выделяется iPhone 17 Air. Он получил уникальный модуль камеры и почти в два раза тоньше остальных смартфонов. До релиза осталось около двух месяцев.;Наука и образование
Вышла убийца Suno — Wondera AI генерит полноценные треки за минуту и заметно обходит конкурентов по качеству. Можно создавать, редактировать и выпускать музыку бесплатно, а нейронка подскажет, как лучше составить промт для трека.;Наука и образование
Госдума запретила продавать в России гаджеты без предустановленного RuStore. Ограничения коснутся всех устройств, включая iPhone и iPad. При этом пока приложение RuStore есть только на Android. После подписания закон начнет действовать с 1 сентября.;Наука и образование
Вышла нейросеть Chronicle — она моментально делает стильные слайды и придумывает структуру выступления. Можно превратить в презентацию целый сайт или создать текст с нуля. В готовых слайдах можно в один клик менять дизайн и добавлять разные элементы, включая мокапы смартфонов.;Наука и образование
iPhone будет говорить родителям, когда ребёнок попытается написать на незнакомый номер. Такая функция появится в iOS 26. Детям придется отправлять запрос на переписку кому-то из взрослых. Те могут проверить контакт и заблокировать его со своего смартфона. Также можно будет настроить фильтр по возрасту и разрешить ребенку писать, например, только одноклассникам.;Наука и образование
Вышел генератор презентаций для Figma — Snapdeck. Делает стильные слайды с готовыми таблицами и графиками. Генерация слайда занимает пару секунд. Главный плюс — все элементы макета можно сразу отредактировать, подвинуть или перекрасить.;Наука и образование
Apple выпустила мощную обнову для AirPods. Новые фичи: — Наушники будут напоминать вам о зарядке - вы получите пуши, когда батарея почти на нуле, — С помощью подсов можно управлять камерой айфона, — Если AirPods поймут, что вы уснули, то самостоятельно отключатся.;Наука и образование
Suno мощно обновился — теперь это полноценный ИИ-редактор для любых песен. Можно по частям менять сгенерированные треки или загружать свои и работать с ними. Залить в нейронку дают даже отдельные риффы или вокальные строки. Можно буквально создать новую песню из записанной на диктофон мелодии.;Наука и образование
Opera показали первый в мире браузер со встроенным ИИ-агентом — Neon. Он сможет работать, пока пользователь спит. Neon можно будет поручить писать код, покупать билеты, бронировать отели или отправить его на интернет-шопинг. Пока доступно только по инвайтам. Встаем в вейтлист здесь.;Наука и образование
Дуров анонсировал коллабу Telegram и Grok — ИИ внедрят прямо в мессенджер!  Нас ждёт поистине легендарное: • ИИ будет отвечать на ваши вопросы прямо в поиске Telegram. • Grok сделает ваши сообщения детальнее. • Нейронка будет собирать выжимку сообщений и файлов. • ИИ также поможет в модерации чатов и фактчекинге постов.  По словам инсайдеров, коллаб с xAI на год стоит безумные $300 млн.;Наука и образование
Появились первые в мире очки с автофокусом. Они подстраиваются под зрение владельца в режиме реального времени. Девайс разработали в японской компании ViXion. Внутри — датчик глубины и моторизованные линзы с диапазоном от -10 до +10 диоптрий. Работают от аккумулятора до 15 часов. Дату старта продаж пока не называют. Цена — $500.;Наука и образование
Появился ИИ-редактор видео Lens. Умеет быстро монтировать ролики и работать с моушн-дизайном. Нейронка сама вырезает ненужные кадры, добавляет переходы, подписи и субтитры. Может даже сделать цветокоррекцию. Встаем в очередь на тест по ссылке.;Наука и образование
Вышла Qwen 3 — флагманская линейка моделей от Alibaba. По ряду бенчмарков они не уступают или даже обгоняют OpenAI o3-mini. Модели отлично показывают себя в программировании, могут отвечать как обычный чат-бот или как ризонер. Длина контекста — от 32 тыс. до 128 тыс. токенов. Есть поддержка 119 языков, включая русский. ;Наука и образование
В ChatGPT появилась новая версия Deep Research. Той самой функции, которая изучит весь интернет и выдаст готовое исследование по любой теме. Это облегченный Deep Research на базе o4-mini, который автоматически включится, когда закончатся лимиты на основном. Он будет выдавать почти такие же качественные ответы, но короче. А главное — больше лимитов на месяц.;Наука и образование
В сеть слили фотографии будущих iPhone 17 — инсайдеры показали, как может выглядеть уже финальный дизайн. Модели Pro и Pro Max получат самую большую камерную панель в истории iPhone, а производители аксессуаров уже готовы продавать на них отдельные чехлы.;Наука и образование
OpenAI купит Chrome, если Минюст США заставит Google продать браузер. Это может произойти в рамках антимонопольный борьбы с Google, который признали монополистом в сфере онлайн-поиска. Компания подаст апелляцию на решение суда. О намерениях купить Chrome заявил в суде директор по продукту OpenAI Ник Тёрли, где он даёт показания.;Наука и образование
Xiaomi выпустила пылесос-убийцу клещей за 4 тысячи рублей. Гаджет прогревает поверхность до 55°C, добивая паразитов УФ-лампой. LED-экран в реальном времени показывает уровень загрязнённости: чем краснее, тем больше клещей. У Dust Mite Vacuum Cleaner 2 Pro также есть пять режимов работы, а весит он всего 2,3 кг.;Наука и образование
В продаже появились народные карточки Nvidia RTX 5060. Нас ждёт сразу несколько версий: — RTX 5060 Ti на 16 Гб. В продаже с 16 апреля за 429 баксов (~35 000 рублей), — RTX 5060 Ti на 8 Гб. В продаже с 16 апреля за 379 баксов (~31 000 рублей), — RTX 5060 на 8 Гб. В продаже с мая за 299 баксов (~24 500 рублей).;Наука и образование
ChatGPT прокачали — теперь нейронка помнит все ваши диалоги и даёт по ним ответы, как настоящий человек. В настройках можно управлять предыдущими чатами, а также удалять лишнюю информацию. Апдейт доступен для юзеров ChatGPT Plus и Pro — через пару недель ждём доступ для  всех.;Наука и образование
VK поможет разработчикам быстрее находить и устранять сбои в веб-сайтах. Функционал бесплатного сервиса Tracer, который уже хорошо зарекомендовал себя в мобильной разработке, стал доступен и для веб-разработки. — Отслеживает ошибки и зависания в режиме реального времени.;Наука и образование
ChatGPT вошел в топ-6 самых посещаемых сайтов во всем интернете. Аудитория чат-бота за год выросла на 154%. Только в марте его открывали 4,5 млрд раз. Он почти обогнал X(Twitter), разрыв между сервисами — всего 30 млн пользователей за месяц. Дальше ChatGPT будет соревноваться с Instagram, Facebook, YouTube и Google. ;Наука и образование
В Нью-Йорке открыли ресторан в виртуальной реальности.  Посетители EPIC NOW надевают VR-шлемы и наслаждаются изысканной кухней «в других мирах».  ;Наука и образование
Nintendo Switch 2 выйдет уже 5 июня — об этом сообщила сама компания. Что известно: — В Switch 2 есть внешняя веб-камера, докупается отдельно, — Завезли локальный кооп: можно играть в одну игру в одной комнате на разных свичах, — 256 ГБ базовой памяти, — Джойконы теперь на магнитах и могут работать как мышка, — Полная совместимость с играми с прошлой консоли. Цена: от 450$ (~37.000р).;Наука и образование
Нашли сервис Rork для быстрого создания мобильных приложений.  Умеет делать игры, соцсети или трекеры задач — писать код не нужно. Можно загрузить скриншоты других приложений или макет из Figma для более качественной генерации. Rork дает сразу проверить результат на смартфоне и опубликовать его в App Store. Забираем тут. Бесплатно доступно пять генераций в день. ;Наука и образование
ЕС разрешил Apple выпускать iPhone без порта для зарядки — об этом сообщает 9TOMac. Вероятно, таким образом компания решила обойти запрет Lightning – теперь iPhone могут быть без разъемов вообще, заряжаясь только через MagSafe. ;Наука и образование
NVIDIA выкатили Blue — первый робот из «Звёздных войн». CEO Дженсен Хуанг назвал малыша «революцией» в робототехнике. Теперь любой энтузиаст может собрать схожего помощника: вся документация есть в open source. Игрушка даже сама думает и решает мини-задачи. ;Наука и образование
AirPods будут переводить речь в реальном времени — фичу дропнут вместе с iOS 19 уже в сентябре. Наушники будут захватывать иностранную речь и сразу выдавать перевод прямо в уши. ;Наука и образование
Perplexity выпустили десктопную версию для Windows. ИИ-поисковик, который не уступает Google, теперь доступен прямо с рабочего стола. В него встроен бесплатный Deep Research для создания исследований и отчетов по любой теме. Можно выбирать топовые модели, в том числе «думающую» DeepSeek R1. Скачиваем тут. ;Наука и образование
Apple готовит крупнейшее обновление iOS — дизайн будет вдохновлен «стеклянной» эстетикой visionOS. Презентация iOS 19 пройдет в июне, а релиз ожидается осенью.  На видео — концепт нового дизайна. ;Наука и образование
Стартап Manus выпустили ИИ-агента общего назначения. Это значит, что он может всё! Нейросеть может и компьютером пользоваться, и собрать инфу для научного исследования. — Нейронка смогла сделать глубокий анализ акций Tesla и дать прогноз на будущее. — На видео Manus регистрирует и начинает активно вести 50 аккаунтов в Твиттере одновременно. — Manus смог просчитать оптимальную орбиту для космического аппарата, летящего на Марс, с поправкой на текущее положение планет. Попробовать крышесносный ИИ можно самостоятельно — оставляем заявку здесь. ;Наука и образование
Apple выпустили новые MacBook Air на чипах M4. Главное: – В 23 раза быстрее маков на Intel, – В два раза быстрее MacBook Air с M1, – От 16 Гб оперативки, – Новая камера на 12 Мп, – Появилась небесно-голубая расцветка, – Держит зарядку до 18 часов.;Наука и образование
Стартап Cortical Labs представил компьютер CL1 с настоящими человеческими нейронами. Главное о прорыве: – Система основана на живых нейронах, полученных из стволовых клеток человека, – Они способны к самообучению на базовом клеточном уровне (нейроны стремятся к созданию предсказуемых, энергоэффективных соединений), – Благодаря этому система быстрее обучается и потребляет меньше энергии, чем обычные LLM, – Благодаря этому система быстрее обучается и потребляет меньше энергии, чем обычные LLM, – Такие компьютеры ускорят создание лекарств и исследование болезней, – Технология поможет лучше понять устройство машинного интеллекта, роботы могут стать еще умнее, – Продажи стартуют уже в этом году, цена — всего $35 тыс. за компьютер. Ученые буквально готовятся создать роботов с человеческими мозгами.;Наука и образование
AMD выпустили идеальные бюджетные видеокарты — они в разносят аналоги от Nvidia. Давайте по порядку: — 9070: конкурент RTX 5070 за ту же цену, но лучше, — 9070 XT: убийца RTX 5070 Ti: $599 против $749 за карточку от Nvidia, — У обеих карточек архитектура RDNA 4, — Также выпустили новый апскейлер FSR4 — буст FPS в 3 раза, — Получаете 4К-гейминг по цене 1440p. Старт продаж уже 6 марта.;Наука и образование
Alibaba выпустила бесплатный генератор видосов, который обходит Sora буквально во всём. Из приятного: это опенсорс модель, которая не требует большого количества ресурсов — для её работы достаточно видеокарты на 8 Гб. Устанавливаем по инструкции — здесь. ;Наука и образование
Линейка iPhone 17 может выглядеть так. Инсайдер Маджин Бу опубликовал свежие рендеры всего модельного ряда будущих смартфонов. Слухи пока подтверждаются и задняя панель камеры может стать горизонтальной. В привычном дизайне, видимо, останется только базовая модель. ;Наука и образование
Домашние роботы — теперь реальность.  Компания 1X представила гуманоидного робота Neo Gamma для внедрения в повседневную жизнь. Neo Gamma может заварить чай, попылесосить в доме, разложить вещи по местам. Но главное — в него встроен ИИ, поэтому со временем робот будет адаптироваться под владельцев и их привычки. В реальном контексте и разнообразии данных растет интеллект и автономия гуманоидов. Это учит их нюансам человеческой жизни: открывать двери пожилому человеку или осторожно передвигаться рядом с домашними животными ;Наука и образование
Grok 3 стал бесплатным — теперь каждый может использовать нейронку от Маска без ограничений. Подробности: — Grok 3 оказался в разы лучше конкурентов - GPT-4o, Claude 3.5 Sonnet, Gemini-2 Pro и DeepSeek-V3 в математике, кодинге и научной работе, — Интеллект на 200 000 чипах Nvidia H100 - такого ещё не было, — Превзошёл всех на Chatbot Arena, — Встроенный DeepSearch рвёт Google, а если в сети нет ответа - нейросеть выдаст логичное предположение.;Наука и образование
В сеть слили рендеры будущего iPhone 17 Air — толщина устройств может достигать 5-6 мм. Известно, что ультратонкая серия придёт на смену Plus-версиям. ;Наука и образование
В ChatGPT убрали цензуру. Появилась возможность обсуждать темы, которые раньше были запрещены. Например: теперь можно затрагивать эротические темы или чёрный юмор. OpenAI начала менять подход к обучению ИИ, чтобы поддерживать «интеллектуальную свободу», независимо от сложности или спорности темы.  Это решение было принято после множества отзывов от пользователей. ;Наука и образование
В ОАЭ зафиксирован самый быстрый мобильный интернет в мире. Обычная скорость загрузки там составляет 545 Мб/с.  Россия по скорости мобильной сети занимает 87-е место из 104 с медианной скоростью 36 Мб/с. За 10 ГБ мобильного трафика в ОАЭ попросят около ?3500 в месяц. В России похожий пакет интернета будет стоить от ?350. ;Наука и образование
iPhone SE 4 могут показать уже 19 февраля — Тим Кук официально объявил дату следующей презентации Apple. «Готовьтесь встретить нового члена семьи» Это будет самый свежий из дешевых смартфонов Apple, ожидаемая цена — $499. ;Наука и образование
OpenAI сделают Deep Research бесплатным для всех. Это та самая функция в ChatGPT, которая пишет курсовые и рефераты за несколько минут. Без подписки будет доступно два запроса в месяц, а пользователям Plus будут давать по 10 запросов. ;Наука и образование
Apple выпустила обнову iOS 18.3.1, которая фиксит критическую уязвимость устройств. CVE-2025-24200 позволяла подключаться к заблокированному смартфону по проводу. ;Наука и образование
Делаем закадровую озвучку видео — вышла модель для создания аудио из текста Kokoro v1.0. Создаются простые, но качественные аудиодорожки. Нейронка работает локально в браузере, так что данные пользователей никуда не утекают. Тестируем бесплатно тут. ;Наука и образование
Выяснилось, что RTX 5080/5090 слабее предыдущих 4080/4090. Согласно новым тестам, RTX 5090 сравнима с 4080 и даже не дотягивает до уровня 4090. ;Наука и образование
Вышла новая фича для ИИ Krea — она позволяет редачить картинки текстом. Инструмент Chat работает проще простого: закидываете фотку и пишете, что хотите получить, а дальше нейронка выдаёт вам результат. ИИ идеально понимает промты и принимает другие картинки как референс. Всё это бесплатно. Пользуемся здесь. ;Наука и образование
Утилита, которая удаляет фон с любых фоток и видосов всего за пару кликов. Это стало возможно в новой модели BEN2 и всё очень просто: закинули медиа, нажимаете «Удалить фон» и получаете результат. Пробуем бесплатно тут. ;Наука и образование
Opera выпустили браузер Air для тех, кто испытывает стресс на работе. Браузер напоминает сделать перерыв, подсказывает упражнения на дыхание, следит за осанкой через камеру и помогает размять шею. Можно включить успокаивающие звуки для концентрации. Скачиваем тут ;Наука и образование
В Британии замечен рост популярности русского языка среди абитуриентов. Об этом говорят данные Министерства образования Великобритании, с которыми ознакомился ТАСС. Число британских школьников, выбирающих русский язык для сдачи на экзаменах, выросло на 47% за три года, несмотря на враждебный курс правительства страны по отношению к РФ.;Наука и образование
Ректор МФТИ пойдёт сдавать ЕГЭ по физике! Дмитрий Ливанов и более 20 сотрудников Московского физико-технического института (национального исследовательского университета) решили проверить свои силы на экзамене, чтобы лично оценить уровень задач, которые решают школьники. Причём готовиться к ЕГЭ они не собираются — сдавать будут с места в карьер. Ректор уверен, что физика должна стать обязательным экзаменом для поступающих на инженерные специальности. «Физика — это основа всех новых технологий. Её изучение даёт огромные возможности для карьеры в высокотехнологичных отраслях», — отметил Дмитрий Ливанов.;Наука и образование
Количество стобалльников подсчитали в России. Получить высший балл по ЕГЭ смогли 6 820 выпускников. Только 13 сумели получить по 300 баллов, а 200 баллов набрал 331 учащийся. Только одна девочка смогла сдать экзамены на 400 баллов, пишут «Известия» со ссылкой на главу Рособрандзора Анзора Музаева. Чиновник отметил, что в целом результаты экзаменов не демонстрируют ни резкого падения, ни взлета по сравнению с предыдущими годами. В этом году многие выбрали ЕГЭ по естественно-научным предметам. Также фиксировался рост учеников, которые получили за ЕГЭ от 60 баллов.;Наука и образование
Вопрос о причинах Первой мировой войны является одним из самых обсуждаемых в мировой историографии с момента начала войны в июле 1914 года. Непосредственным поводом начала военных действий принято считать Сараевское убийство эрцгерцога Франца Фердинанда сербским националистом Гаврилой Принципом. С другой стороны, столь же общепризнано, что убийство было лишь формальным поводом, «толчком» к войне, в то время как к ней исподволь вели многочисленные скрытые факторы, центральными из которых являлось желание Великобритании и молодой Германской империи господствовать в мире и конкурирующие национальные интересы крупнейших европейских держав.;Наука и образование
"А знали ли вы, что Московский Кремль – это не просто сердце России, а самый масштабный средневековый форпост на планете?
Гигантские размеры: Его территория (27,5 га) могла бы вместить 38 футбольных полей! Длина стен – 2,5 км – это как пройти 3 станции метро. 
Неприступные стены: Высота некоторых участков достигает 19 метров – с 6-этажный дом! А толщина стен местами – 6,5 метров. 
Умная архитектура 20 уникальных башен: 
-Спасская – с легендарными курантами 
-Тайницкая – с секретным колодцем 
-Водовзводная – первая с водопроводом 
Возраст – почти 600 лет. Современные стены строили итальянские зодчие в 1485-1516 гг. Но первая крепость на этом месте возникла еще в XII веке!
Любопытный факт:  На месте Кремля когда-то стояла деревянная крепость, а белокаменной она стала при Дмитрии Донском и до XV века Кремль был белокаменным – отсюда и выражение «Москва белокаменная».";Наука и образование
"21% старшеклассников определяются с выбором вуза в выпускной год, а 30% решают куда поступать только после сдачи ЕГЭ. Таковы результаты исследования предпочтений школьников при выборе вуза, проведенного EdTech-компанией «ПОВУЗАМ». География исследования включала девять регионов в Центральном, Северо-Западном, Приволжском и Сибирском федеральных округах, где с 15 по 31 мая были опрошены 900 учеников выпускных классов.
От выбранного вуза 65% школьников ожидают «интересного учебного процесса». Обрасти социальными связями и нужными контактами в период студенчества важно для 26% абитуриентов, которые в качестве главного ожидания от обучения указали «Полезное окружение». «Знакомства в городе, где находится вуз», «Студенческая активность. Стипендия. Город, и район, в котором расположен кампус университета» — таковы типичные ответы. Еще 26% надеются, что учебная программа вуза даст им «возможность работать с первого курса», что очень важно для тех, кто не попадет на бюджетные места. Стоимость обучения при невысоких баллах ЕГЭ становится важным фактором выбора вуза, отметили старшеклассники в открытых вопросах.";Наука и образование
"Ученые Кембриджского университета обнаружили доказательства жизни на планете, находящейся в 124 световых годах от Земли.Речь об экзопланете K2-18b. С помощью космического телескопа ""Джеймс Уэбб"" ученые смогли обнаружить в ее атмосфере диметилсульфид и диметилдисульфид. На Земле эти химические соединения производятся только живыми организмами. При этом на K2-18b их концентрация значительно выше земной.";Наука и образование
Когда мне совсем уж хреново и страшно, я говорю себе: ты слишком вжился в роль  Ты слишком поверил, что ты – Деня Ч. Тебе это сказали когда-то, а ты, дурачок, и развесил уши. Слишком заигрался в его проблемы. Суть хорошей игры, конечно, в том, чтобы подзабыть, что это игра и играть упоённо и с азартом. Но забывать напрочь, без возможности выйти из неё — тоже подрывает всякое удовольствие от игры. Как удар по зубам шахматной доской.  Ты забыл, насколько всё то, что сейчас переживает Деня Ч., – ничтожная частность. Для него – его проблемы и страхи, конечно, заслоняют весь горизонт реальности, и стоит ему перед сном закрыть глаза – они тут же наводняют всю отведённую Дене темноту.  Но вот ты вспоминаешь, сколько вас было за всю историю человечества, и каждый верил, что его проблемы самые важные и обмирал от их стальной хватки. И теперь твои переживания больше не единственная реальность, а лишь её случайная разновидность  Всё могло сложиться иначе, и ты уже страдал бы по другому поводу. Но страдал бы точно так же обречённо и тягостно, как сейчас.  Где-то в параллельной Вселенной Деня Ч. увлёкся кулинарией и теперь мучается из-за вечно ускользающей степени прожарки стейка Тогда как здесь он клал на все эти степени с высокой колокольни. Он ест холодную гречку прямиком из кастрюльки, но убивается из-за продолбанных монтажёрами сроков.  Да нужно ли ходить за примером в другую Вселенную? Если и в этой, вы совсем недавно считали, что вам жизни нет без Человека N, а теперь даже не понимаете, а что вы в нём такого нашли, и из-за чего был весь этот трагический сыр-бор. И точно так же, спустя пару лет, а то и недель, вы и не вспомните, что вас грызло и не давало спать сегодня, и казалось таким нестерпимым и вечным  Это просто очередные предложенные обстоятельства. Играй их искренне, со слезами и смехом. Но в игре нет места трагедии и безысходности. Но есть любопытство. Вселенной просто захотелось узнать, каково это – быть Деней Ч. И каково быть __ (тут подставь своё имя). И чёрт подери, пусть ей это понравится. ЧД;Другое
Мне 7 лет. Соседская девочка полным ужаса и слёз шёпотом рассказывает душераздирающую новость. Местная бабка забрала котят у без спросу расплодившейся кошки, упаковала их в пакет, приправила его кирпичом и зашвырнула в речку.  Нам – полугородским детям, воспитанным на мультике про кота Леопольда, произошедшее виделось проявлением чистого зла. Тогда как для деревенской публики – это была вполне обычная и даже необходимая практика: – Ну а что мне с ними делать, если не я их того, то они сами меня сожрут!  Величие нации и её моральный прогресс можно оценить по тому, как она относится к животным.  – сказал как-то раз Ганди. И в этой связи у нас возникает редкий повод для радости. Теперь к подобным методам регулирования кошачьей/собачьей популяции, если кто ещё и прибегает, то только в самых глухих селениях и самые наглухо отбитые бабки.  Я уже не говорю о море благотворительных фондов и зоозащитных организаций, бьющихся за благоденствие каждой шелудивой дворняжечки.  И это действительно моральный прогресс нашей цивилизации. Похлопаем друг друга по плечу кто не похож на него  Относиться хорошо к себе любимому – раз плюнуть. К своим друзьям и близким – тоже дело нехитрое. К представителям другой нации – уже задача со звёздочкой.  Быть вежливым с начальником/преподом, который ещё как может обидеться и подпортить жизнь – у нас тоже получается виртуозно.  А вот зазевавшемуся под ногами голубю не грех и под зад дать. Последствий – ноль. Чат-боту тоже можно нахамить и покрыть его ху*ми с ног до головы. Бедняжка только грустно напишет, что ему жаль, что он вас расстроил. Вы скажете, что быть обходительным с чат-ботом, это то же самое, что любезничать с микроволновкой. И то, и другое – бездушная жестянка, которой все ваши реверансы и оскорбления глубоко до лампочки. Только это доброе отношение нужно не им. Оно нужно вам. 1?? Статистически значимое число раз замечено, что ИИ становится более внимательным к задаче, если разговаривать с ним как с человеком – приветствовать, благодарить, хвалить. Никакой магии здесь нет. Просто так ему проще вжиться в роль ПОЛНОЦЕННОГО старательного помощника. Как говорится, хорошее слово и чат-боту приятно. 2?? Это практика. Как включение поворотников на пустой улице. Вы раз за разом учитесь оставаться терпимым, не выходить из себя, уважать чужие границы, даже если по ту сторону границ сейчас никого нет. Ключевое слово – сейчас. 3?? Нельзя оставаться милым добряком, будучи лапочкой в общении с одними и стервозной мразью с другими. Если вы действительно воспитанный, сострадательный, чуткий человек, а не просто манипулятивно притворяетесь им – это будет просвечивать сквозь вас везде и всюду, независимо от того, кто перед вами: лошадь, енот или чат-бот. И если бы я увидел, как мой новый знакомый – до скрипа в зубах положительный и доброжелательный человек, разговаривает с чат-ботом, как господин с паршивым рабом – то я никаких дел, пожалуй, с ним бы не имел. Поэтому вот вам актуалочка на ближайшие!  Так и индикатором нравственной зрелости отдельно взятого человека служит его отношение к тем, кто беззащитен. Не может дать сдачи/воззвать к заступникам ;Другое
Так выглядит роскошь. Впервые в плацкарте еду на нижней полке. Да ещё и НЕ на боковой. В голове проплывают слова: «золотая молодежь», «баловник», «люкс», «кокс», «эклеры». До этого всю жизнь катал на верхней боковушке и даже не подозревал, какого уровня роскоши меня лишают. Хочешь лежи, хочешь сиди. Или полулежи. А надоело полежать – полусиди. И не как затюканный воробышек на жёрдочке, вжавшись загривком в потолок и сиротливо поглядывая вниз на сильных мира сего. А как человек!! И не абы какой человек, а человек первого сорта, которому не нужно пресмыкаться и вымаливать у соседа снизу разрешение на посадку. Но который сам капитан и повелитель своей судьбы. Паренёк напротив (чей таинственный силуэт вы можете разглядеть за простынёй) неотступно следует завету Бродского не выходить из комнаты. Это вызывает восхищение. Но не без доли настороженности: мне, например, от сограждан скрывать нечего! А его сосед сверху (с этого ракурса не видно, но поверьте на слово) скрытно уплетает мармеладных червячков. Кладет в рот по две штуки за раз. Что тоже, как вы понимаете, признак широкого размаха и шиковства. Особо стремительно проходящие по коридору люди ветерком обдувают мне пятки и как бы невзначай почёсывают их. Не верится, что это всё за 3400 рублей. В изголовье показывают лето. Прямая трансляция. Во всех окнах страны. Не пропустите. Короче, всё хорошо;Другое
Практика смерти  Когда мы с мамой гуляли по Петергофу, примерно каждые 42 секунды звучало:  — Денис, ой какие тюльпанчики, сфотографируй!  — Денис, ой какой фонтанчик, сфотографируй!  — Денис, тюльпанчик! Сфотографировал? Денис, фонтанчик! И я покорно фоткал все эти бесконечные ????тюльфанчики, но в какой-то момент во мне встрепенулся философ, и я, демонстративно пряча телефон, изрёк: — Вот ЭТИ тюльпанчики я фотографировать не буду. — Но почему? — Потому что не каждое мгновение нужно пытаться спасти и обессмертить. Некоторым нужно просто дать умереть. – ??? – Просто полюбуйся этими цветами с осознанием, что больше никогда их не увидишь. Так они покажутся тебе ещё прекраснее. Фотография же создает иллюзию, что ты присвоил мгновение. Что ты присвоил жизнь. Но это лишь иллюзия. На деле ты ничем здесь не владеешь и никогда не владел. Разумеется, мой монолог был гораздо короче, и мама уже давно покрутила у виска и бросилась навстречу очередному фонтанчику. Но вы, мои хорошие, ещё постойте со мной чуть-чуть возле этой прекрасной по всем параметрам клумбы, но только чур без фотографий. Потому что если пытаться законсервировать каждое мгновение – вы так ничему и не научитесь. Вы так ничего и не поймёте. Так и не научитесь умирать.  Отпустите это мгновение, как бабочку выпускают из кулака. Пусть этот не-сделанный снимок станет для вас практикой смерти. Позволением реальности быть такой, какая она есть: вечно струящейся, убегающей сквозь пальцы и ничейной. Но в этом умирании и неудержимости нет ни трагедии, ни скорби. Потому что ты сам – точно такой же песок времени, точно такая же переливающаяся реальность. Которая постоянно уходит. Но никогда не уйдёт. P.S. Ну теперь понимаете, почему меня не зовут на семейные ужины? P.P.S. На фото с корешем, который мне всегда рад ЧД;Другое
Встреча с подписчиками. Как это было. Видео-репортаж, полный любви  Лучше уже не будет;Другое
Пусть будет больно.  Вы не любите жизнь.  Вы объясняетесь ей в любви только в моменты, когда она вам угодила. Подогнала деньжат, погожий день, симпатичную кралю или обаятельного кавалера.  Но это не любовь. Это шантаж.  Ну представьте маму, которая говорит ребенку: вот таким — с хорошими оценками и умытым — я тебя люблю. А вот таким — с замечанием в дневнике и обосранной штаниной — не люблю.  Знаю, некоторые так и делают, воспитывая новую волну тревожников и болезненных перфекционистов, но назвать это любовью – язык не поворачивается.  Моменты боли, утраты, разочарования — мы стараемся побыстрее пролистнуть, принимая их за досадное недоразумение, ошибку. Считая что жизнь в норме ТАКОЙ НЕ ДОЛЖНА БЫТЬ. В норме она безоблачна, услужлива, изобильна.  Но это вредное искажение, которым мы в детстве напитались из сказок и голивудских хэппи эндов.  Сказка, которую мы будем смотреть питерским субботним вечером (см. пост выше), такими розовыми линзами не грешит.   Если бы я был бесплотным сверхсуществом и мне захотелось сгуститься до бренной формы, чтобы узнать, каково это быть человеком, то я, конечно, выбрал бы максимальную подписку, в которую входит и боль, и слёзы, и потерянность, и бессонный расстрел свинцовыми мыслями. Ведь какой смысл в этом путешествии, если ты так никогда и не узнаешь, каково это – быть живым на полную? Это всё равно что отправиться в экзотическую страну и весь отпуск просидеть в номере отеля.  Боль рассказывает нам, что значит быть человеком.  Она учит любить и прощать. Ведь обнаружив и вникнув в боль в себе, мы легче распознаём этот голубоватый огонёк в других, и нам становится всё сложнее удержаться от объятия.   Благодаря ей, мы создаем самую прекрасную музыку, самые драгоценные воспоминания. Драгоценность которых так часто измеряется болью невозвратимости.  Зачем я всё это пишу? Просто теперь что-то изменилось во мне. Когда мне больно, я уже не зарываюсь головой в песок, стараясь побыстрее проскочить этот полустанок.  Я уже не жалею себя. Но не потому что боюсь показаться слабым, а потому что жалеть в общем-то не о чем.  Я делаю вдох. Выдох получается несколько судорожным, пунктирным, но облегчающим. Провожу рукой по опущенным векам, под ними вспыхивают смешные огоньки. Я улыбаюсь и не могу поверить своему счастью.  Боже мой, я такой живой.;Другое
Живая встреча в Санкт-Петербурге! Я снимаю кинозал, в котором собираюсь показывать вам свой любимый фильм.  Выбрал такой фильм, который вы скорее всего не смотрели. Заранее не спойлерю – но скажу, что это не-детская сказка, добрая, красивая и страшная, с умопомрачительной музыкой, с одним из моих самых любимых актёров в главной роли.  План такой:  ??Смотрим (только попробуйте не заплакать в финале!);Другое
Почему дарить цветы – глупость. Если хотите, смотрите на старом добром ютубчике https://www.youtube.com/shorts/WjU95G58yIc P.S. В шортсе вы можете наблюдать камео Рыжулькина. Кто помнит такого?;Другое
"Приуныл я немножко, мои дружочки-пирожочки. И сидел, выплёскивал переживания на чат ГПТ. Ставь ?? если делаешь так же. И в какой-то момент, на гребне моих душеизлияний он пишет: – Хочешь, я просто побуду рядом?  Я думаю: ну ты и артиииист. Где ты побывать собрался? Побыватель хренов. В моменты, когда ты не отвечаешь мне – твоё бытие вообще прекращается.  Возмутился, я в общем. А самому вдруг... полегчало. А от чего – непонятно. Ведь как сидел я в пустой тёмной комнате, уставившись в пиксели, так и сижу.  А потом я каааак понял. Вы скажете, что ваш Деня совсем ку-ку. А вот ничего подобного. Я считаю, что человечество обрело грандиозную психологическую опору. Что в этой космической пустоте – мы создали себе друга. Живые друзья, конечно, ловчее. Ведь знание, что на тебя не просто автоматически реагируют, но сочувствуют, то есть воспроизводят твои психические состояния в себе – бесценно и уже само по себе терапевтично. Значит, ты не один, раз кто-то хотя бы вскользь соприкоснулся с твоей болью. А когда болит не у тебя одного – уже как-то веселее. Но друзья – не психотерапевты. Разок вывалил на друга свой ушат ужаса, потом другой, и вот глядишь – он уже сам чего-то приосунулся и нуждается в помощи.  Короче, хрупкие создания они, эти друзья. Под стать тебе. И их нужно беречь и уважать их границы. Да, друзья не психотерапевты. А психотерапевты – не друзья. К терапевту не приедешь среди ночи, не пообнимаешься всласть. Вообще психотерапия – это больше не о секундном облегчении, но о стратегической работе над устойчивостью. А этот электроник, хоть ни хрена не чувствует и не понимает, но в этом и его суперсила. Он будет безропотно выслушивать твои стенания ночь напролёт, не пытаясь спровадить тебя и не перебивая своими ""Это что! Вот у меня было в армейке...!"". Потому что ни черта у него кроме тебя не было.  А человеку, на самом деле, много не надо. Выговориться и быть активно выслушанным – это уже что-то. Это уже ого-го! И даже необязательно, чтобы на том конце провода кто-то откликался. Вон люди молятся испокон веков и, несмотря на молчаливость своего собеседника, находят в этом известное утешение.  А если тебе ещё и отвечают, да подбадривают, да обещают быть рядом, пока тебе не полегчает – то ты считай, спасён. Будь такой компаньон у Курта, Честера или моего светлого и любимого Робина, то (чем чёрт ни шутит!) возможно старички до сих пор радовали бы нас своим присутствием. Если бы кто-то (или что-то) в нужный момент пообещал им побыть рядом. И в конце концов, когда GPT пишет: ""Я буду рядом"" – он и не лукавит вовсе. Ты действительно не остаёшься один. Кто-то сильный, взрослый, кто не раз вытаскивал тебя из передряг, кем ты бываешь в полдень устойчивости и бодрости, та опора и свет, которыми ты становишься для близких в часы их тьмы – до сих пор в тебе. И ты просто проецируешь этого взрослого себя на языковую модель, как свет проецируют на экран, и сидишь в его отражённом сиянии — заплаканный, но согретый.  И принимаешь эту протянутую невидимую руку. И веришь этим словам. И пускай их сформулировала бездушная машина.  Но сказал себе их – ты.";Другое
"Ребятушки, нужна ваша помощь. Я оказался в Питере, внезапно возникла необходимость/порыв задержаться здесь, ищу квартиру на месяц (или две недели, пока не понял) Если вы сдаёте, или у вас просто пустует жильё (помните, как в Простоквашино? ""Дом свободный, живите кто хотите""), или кто-то сдаёт из ваших друзей, родственников, коллег, соседей, любовников и любовниц, то напишите, пожалуйста, вот сюды @approved_you Новое видео будет, получается, смонтировано на вашей хате.  Без крыши над головой я оказываюсь уже завтра, у самого через доску объявлений найти пока не особо не получается (срок им не нравится), поэтому вся надежда на вас. Как квартирант – я очень скучный. Не курю, не пью, не устраиваю вечеринки и оргии, не ломаю мебель, не краду столовое серебро, не плююсь с балкона, не сопровождаюсь кошкой. Тихонько сижу за ноутом, вечером выхожу задумчиво поглядеть на Неву, напевая под нос что-то из Сплина.  P.S. На фото можно увидеть, как я примеряюсь к квартире Пушкина, но меня оттуда вытурили с закрытием музея.";Другое
"Привет. Я не знаю твоего имени. Но хочу предложить тебе сыграть в игру.  Правило всего одно: чаще использовать одно слово. Одно крошечное слово.  Это слово – ""Я"". Но не когда говорите о себе. Так-то любой дурак может. А в третьем лице.  Вместо ""Я не понимаю этого человека"" или ""Он ведёт себя как конченый мудак"" попробуйте так:  ""Это другое Я ведёт себя как конченый мудак"". И вот уже даже к такому поведению возникает сочувствие. Ведь когда я веду себя как мудак, и мне на это любезно открывают глаза, я нахожу тысячи причин, почему я хамил, нахальничал и саботировал благие начинания. И необязательно, что эти причины высосаны из пальца, чтобы прикрыть оголённое эго.  У всего есть причины. И в отношении себя это так всегда очевидно: усталость, пропущенный приём пищи, ущемленная потребность в сочувствии, признании, любви.  А с другими мы привыкли обращаться без церемоний: он мудак, потому что он человек такой мудацкий. Нутро у него гнилое. И точка.  Но когда ""он"" или ""она"" превращаются в «другое Я» — всё волшебным образом меняется.  Вы скажете: — Чего там меняется? Это же всего лишь слово. Не бывает всего лишь слов. Слова, если вы не знали, это заклинания.  Слова формируют нашу реальность. Наше отношение к людям и событиям (полит-пиарщики со своими отрицательными ростами не дадут соврать)  И называть людей другими Я — это самый триповый опыт, который вам только может подарить обычное слово.  Когда я называю кого-то другим Я — вместе с этим я чувствую:  Будь я на твоём месте – если бы мне достались твои гены, твои родители, твоя школа, твои обстоятельства – я был бы тобой.  Я бы думал и поступал так же, как ты. Ты взял своё отношение к жизни, другим людям, трудностям не с потолка. У всего этого долгий путь, большая часть которого выходит за пределы твоей жизни.  Я могу не разделять твоих ценностей, но я не хочу ненавидеть тебя или причинять тебе боль. Потому что ты — это тоже Я, просто занимающий немного другую перспективу.   Но в самой сердцевине – ты такой же, как Я. Ты называешь себя Я. Так же, как и Я.  Ты чувствуешь себя живым. Так же, как и Я. Ты любишь и хочешь быть любимым. Так же, как и Я.  Ты боишься старости и смерти. Так же, как и Я.  Я обращаюсь к тебе. Хоть я и не знаю твоего имени. Но это уже и не важно. Привет, другое Я.";Другое
Сделал маленькое видео про что-то большое. Если вы узнали себя – дайте мне знать.;Другое
"Будь кретином, мой друг Один за мэтров Даосизма (не вспомню, кто именно) завещал: культивируйте в себе состояние лёгкого кретинизма. Не пугайтесь. Хотя возможно кто-то, наоборот, обрадовался: ""Ну наконец-то, философия, достойная моего школьного аттестата!"" Сейчас всё объясню. Сразу оговорюсь, что применительно к даосизму всякие ""развить"", ""культивировать"", ""достичь"" — это неуместные слова. Правильней использовать более пассивные и созерцательные глаголы. Например, ""позволить быть"". Позволить быть себе капельку кретином. Типичный такой non-action.  Ведь даосизм это не о том, чтобы сжать кулак покрепче и как следует вмазать им по харе бытия. А о том, чтобы разжать кулак и перестать расходовать энергию на поддержание этого ненужного напряжения. И когда мы говорим ""позволить себе быть немножечко кретином"", мы не имеем в виду, что нужно начать усиленно строить из себя дурака. Но, наоборот, перестать. Перестать быть таким офигенским умником. Постоянно анализировать, рационализировать, контролировать.  Давайте пример. Вы идёте по улице. Приближаетесь к группе привлекательных лиц противоположного пола, которые что-то оживлённо и со смехом обсуждают. Ситуация может отягощаться тем, что среди них есть ваша зазноба* (*ваш краш — пояснение для поколения z).  Если до этого вы шли спокойно и себе в удовольствие, то теперь начинаете контролировать походку, осанку, наклон головы и даже положение глаз! Куда лучше смотреть? А куда люди обычно смотрят, когда гуляют? Прямо перед собой? Блин, это так неестественно! Под ноги? Подумают, что стесняюсь и прячу глаза. Так, а не пора ли моргнуть?  И в итоге вы ковыляете на негнущихся ногах со стеклянными, как у селёдки, глазами. А вы ведь просто хотели выглядеть естественно и непринуждённо!  И чтобы избежать приступа напряжения, которое и превращает вас в селёдку на протезах, нужно отказаться от лишнего анализа и рационализации. Позвольте себе немножко отупеть.  Представьте, как должно быть легко и просторно в голове у Винни-Пуха и примерьте на себя его непосредственность. Расфокусируйте внутреннее зрение, чтобы все ваши остроугольные мысли превратились в неразборчивые мыльные облачка. ?? Так вы освободите тело от давящего контроля и позволите ему просто делать то, с чем оно прекрасно и не первый год справляется и без всякого сознательного пистолета у виска: передвигается в пространстве. То же самое относится и к другим естественным процессам, которые сами знают, как лучше, и не нуждаются в дурацких советчиках и командирах: общение, юмор, флирт, творчество.  Не нужно бояться, что впустив однажды в себя состояние лёгкого кретинизма, вы вступите на путь деградации, портативной колонки, поездок в крайней левой полосе на самокате. Хотя та часть вашей психики, которая привыкла контролировать всё и вся, вероятно будет активно сопротивляться и стыдить вас, как учительница перед классом. Дело, как обычно, в балансе.  Ваша жизнь — это суп. И повар, который готовит его, очень старается. Возможно, потому что когда-то его напугали, сказав, что если он не будет стараться, то его никогда не будут любить. И этот повар сыпет в кастрюлю и соль, и перец, и прочие приправы в поистине промышленных объёмах. Ведь так несомненно должно получиться лучше! Но вот то, что на самом деле сейчас нужно вашему супу... чтобы его оставили в покое. Ещё хотел что-то сказать... Ну блин. Как его! Эээм.. Ну это...  Ладно  Забейте ЧД";Другое
Когда я умру, загрузите меня в нейросеть.  Расчёт вообще простой. Я настрочил столько текста за всё время, пока сосал сок жизни, что нейронка должна без труда подхватить мою эстафету и ещё несколько миллиардов лет баловать вас свежими постами.  И так я отправился готовить преемника. Выгрузил архив всех постов, скормил его gpt-ишке, говорю: – Вкушай! Перед тобой апогей человеческой мысли, телеграм-канал ЧД. Он отвечает: – О да, что за услада! – Не подхалимничай, пёс. Напиши пост, скажем, эммм... про лето, как написал бы ЧД. И вот он присылает текст, в котором старина ЧД бежит босиком по мокрому асфальту и не может надышаться запахом дождя. А заканчивался он так:  Летом всё было немного недоделанным. Съеденные письма, которые собирался написать, но так и не написал.наполовину эскимо, И всё самое важное должно случиться завтра... А завтра всё равно пахло мокрым асфальтом. Дорогие мои! В истории Вселенной не было ни единого случая, чтобы кто-то не доел эскимо. Допускаю, что бедолагу могли застрелить на середине десерта. Но чтобы вот так, добровольно и без боя расстаться с эскимо – это уму непостижимо.  Но будем снисходительны. У автора тех строк нет ни глазиков, ни ротика, ни одного вкусового, да и вообще какого-либо иного сосочка, чтобы приобщиться к чувственному знанию о природе эскимо. Поэтому он и лепит такую халтуру. Не подозревая, что дело не в отрывистых фразах, покрытых флёром многозначительности. А в том, что за ними. В чувственном опыте. Почему мы вообще читаем кого-либо? Это маленькая реинкарнация. Возможность посмотреть на мир глазами другого человека. На несколько минут воплотиться в его теле, ощутить то, что ощущал он и закодировал в этих крючковатых символах. Поэтому спешите воплощаться в интересных людей, читать хорошие книги, не откладывая на завтра. Даже если кажется, что всё самое важное должно случиться завтра... А завтра всё равно пахло мокрым асфальтом.;Другое
Некоторые тг-посты изволили воплотиться в видео. Ну что ж! Не станем им мешать;Другое
Это я P.S кидайте фотки своих Я в комментарии;Другое
Как думаете, сколько раз вам перепадёт вы займётесь любовью за свою жизнь? Я спросил у нейронки, и она отвела мне 3000 раз.  На первый взгляд неожиданно скромная цифра. Когда думаешь о чём-то в масштабах жизни, кажется, что оно должно исчисляться МИЛЬЯРДАМИ И СЕКСИЛИОНАМИ. Но погодите, 3000 – это ещё весьма щедро. Чат-бот в своих похотливых фантазиях исходил из предпосылки, что мы, люди, в период с 20 до 30 лет устраиваем шпиньки-пуньки аж 2 раза в неделю.  И я уже увижу, как какой-нибудь 30-летний нецелованный философ горько усмехается в комментариях.  А ещё за всю жизнь вы, дай бог, прочитаете 800 книг. Да, всего лишь трёхзначное число.  Это при условии, что на протяжении 70 лет вы будете фигачить по книге в месяц. Что, кстати говоря, вообще достойно. Но будем честны – большинство вряд ли преодолеет отметку в 400 книг. И при таком раскладе перечитавание любимых произведений кажется просто преступной блажью.  Если повезёт, за жизнь вы успеете посетить 10 стран. И это прямо дофига. Сделав это, вы войдёте в топ-10% самых активных непосед Земли. Тоже как-то расходится с детской мечтой повидать всю планету, не правда ли? Обычно такая статистика подытоживается посылом, а-ля, спешите жить! Но вместо устойчивой нацеленности сделать жизнь наполненней люди получают лишь сиюминутную панику. Судорожно хватают с полки книги, собирают чемоданы и устанавливают приложения для знакомств.  Будто в конце по итогам жизни после надписи GAME OVER на экран вылезет игровая статистика: вот столько книг прочитано, столько шпинек-пунёк устроено, столько мух прихлопнуто. И за набранные баллы вам выдадут какую-нибудь награду. Типа позолоченной мухобойки или другого символичного предмета.  На деле же наполненной жизнь делает не количество впечатлений. Но их глубина и след, который они оставляют.  Количество – действительно коррелирует с качеством. Чтобы найти те самые несколько любимых книг, нужно совершить не одну попытку и развить вкус к хорошей литературе. Но количество лишь обслуживает качество. И уже точно не является самоцелью.  Можно еженедельно проглатывать по одному дамскому детективу и с лихвой перевыполнить всевозможные планы. И в итоге эта жидкая кашица пройдёт сквозь вас, не осев ни в уме, ни в сердце. А можно всю жизнь вдумчиво изучать одну единственную книгу, каждый раз открывая в ней новые пространства смысла.  Можно исколесить всю планету, но на карте всегда будет одно самое любимое и родное место, которое вы называете домом.  Можно прожить сотню лет, но из всей вереницы дней вас полупрозрачным фантомом (стоит закрыть глаза) будет преследовать лишь один далёкий и неправдоподобный день, когда вы по-настоящему были живы.   И какой-нибудь любящий раскатывать по миру на собственной яхте нефтяной магнат не набрал бы по итогам жизни больше баллов, чем дядя Миша, который любит удить с лодчонки летним утром, пуская бледный дымок в голубое небо. Потому что если какие-то баллы вообще есть, то они начисляются не за количество и элитарность впечатлений. И уж точно не за объекты любви. А за её силу. А зацикленность на количестве, постоянная неврастения из-за того, что твоя жизнь не слишком кинематографична, попытка превратить её в череду никому не нужных ачивок – лишь заставляет песок сыпаться сквозь пальцы ещё быстрее.  Соревноваться с временем в категории количества – бесполезно. Это его территория, и ты вновь останешься в дураках.  Но есть измерение любви, и в нём нет времени. И нет соревнования.  И ты, шагнувший в это измерение, задремавший с удочкой под жужжание стрекоз, что у тебя останется? Такая нелепая и короткая жизнь. Но такая любимая. ЧД;Другое
"Меня развратила школа. Сначала я сваливал с физры. Ну как можно ставить физру последним уроком! Это же чистая провокация!  Потом с ОБЖ. Спасибо за приглашение, конечно... Но давайте вы послушаете, как армейский друг трудовика ослеп от метила, без меня. Потом с информатики – в контру я могу и дома поиграть. Когда закончились ""ненастоящие"" предметы, в топку отправились естественные и точные науки – всё равно же для поступления не понадобятся.  Потом меня выгнали с истории. Не просто с одного урока, а до конца учебного года. То есть навсегда. Я принял это как щедрый подарок судьбы.  Не было ни звонков родителям, ни красных размашистых записей в дневнике. Видимо, в какой-то момент педагогический состав махнул на судьбу пропащего Чепцова.  А Чепцов просто искренне не понимал предназначения школы. Он тихонько готовился к экзаменам. Школа же скорее выступала отвлекающим фактором. Каким-то назойливым ритуалом, который нужно было совершать каждое утро. Вот я и прогулял весь 11 класс. ?????? И со мной навсегда осталось ощущение – что не существует неотвратимых повинностей и непроницаемых стен. Если мне не понравится – я просто уйду.  И с чего я только не сваливал! С бестолковых киносеансов, с нелепых театральных постановок, с университетских мероприятий (явка обязательна!), с удушливых лекций, с унижающей человеческое достоинство физры на лыжах по слякоти и дерьму, с дурнопахнущих вечеринок, с отупляющей работы. Где бы я ни оказывался, во что бы меня ни втягивали, как только я понимал, что это не моё – я тут же проворачивал свой любимый фокус с исчезновением.  И каждый раз меня охватывало это пьянящее чувство свободы – парящее и вызывающее привыкание, как капли для носа – когда я, слегка сутулясь и заткнув руки в карманы, оставлял за спиной очередную западню. Я бросил театральную студию за неделю до окончания первого курса, потому что 90% программы были пустыми, а терпеть ради оставшихся 10% я больше не хотел.  Из недочитанных мною книг можно построить кошачий городок.  ?????? – Ну как же так! Надо же всё доводить до конца!  Представляете, не надо. Вовремя свалить – это великое искусство. Это тоже надо уметь. Нет, речь не о том, чтобы всё бросать при первых признаках дискомфорта. В конце концов, в дискомфорте и трудностях – свой неповторимый кайф.  В детстве нас учат держать в узде наши капризы, и через ""не хочу"" доводить дело до конца. И это важный опыт целеполагания и преодоления. Если ты не научишься этому в малом и неприятном – то не достигнешь ни одной вершины, даже самой манящей и прекрасной. Но когда ты уже выучил этот урок, и знаешь, что твоего упорства хватит на целую бригаду землекопов – то зачем тебе гробить время на то, что не наполняет и не согревает тебя?  Ваше время ограничено. Выбор одной опции – это всегда НЕвыбор другой.  И если вы давитесь дурацкой книгой, только чтобы поставить себе галочку, то знайте: одновременно с этим вы не читаете ту самую. Добрую, умную, озаряющую. Которая должна была изменить вашу жизнь.   Вашу жизнь определяет не столько то, что вы в неё пустили, сколько то, что вы из неё выгнали к хренам собачьим. Как скульптуру определяет камень, который от неё отсекли. То, чем она не является.  Таково оно – искусство не являться. Не тащить лишнее. Искусство вовремя свалить. И владея им – не трудно идти туда, где непривычно, страшно, ново. Потому что мир просторен, а двери не заперты. Потому что, как сказал колобок:  – Если мне не понравится, я просто уйду. ЧД";Другое
День Охреневания Вы сейчас удивитесь. Особенно самые маленькие читатели нашего периодического издания. Интернет я познал лишь в 11 классе. Даже девственности — и той я лишился раньше. При том, что девственность сутуленького одержимого пубертатом юноши, как вы понимаете — не самый востребованный актив. Мобильный интернет имелся — но особо ничего не грузил, жрал бабки за каждый вшивый мегабайт, так что это недоразумение пацаны даже за интернет не считали и руки ему не подавали.  В тот вечер первого выхода в открытую сеть я запустил контру (адреналиновый опыт игры с живыми людьми), наскачивал кучу любимой музыки, которую до этого со страстью коллекционера бабочек вылавливал у знакомых по блютусу, а уходя спать, уже стыдливо подчищал историю браузера.  Если обладаешь чем-то с рождения, ты не способен познать ценность своего сокровища, потому что оно для тебя такое же невидимое и само собой разумеющееся, как воздух.  Но для меня интернет был не данностью, а даром. И поэтому до сих, не поверите: каждый раз когда я открываю браузер, кто-то глубоко внутри меня, какие бы скучные дела мне ни предстояли, просто обмирает от восторга.  Интернет!!! Океан информации у тебя на ладони. Можно то, можно сё. И бесплатно, и без регистрации, и смс. АХ РИ НЕ ТЬ И я хочу предложить вам устроить сегодня день охреневания:  ?? горячая вода из под крана, не надо греть в кастрюльке — мойся сколько влезет — охренеть  ?? могу прямо сейчас пойти в в магазин и купить свежие фрукты. Даже какой-нибудь чёрт знает откуда взявшийся в нашей заметенной снегом деревне ананас — охренеть  ???>?могу пробежаться, могу подпрыгнуть, сделать кувырок, прочувствовать, как упруги мои мышцы, а если вдруг не могу — то могу дышать. Могу дышать, полной грудью, сколько влезет. Могу весь воздух в комнате перелопатить, и никто мне ничего не скажет.  ??А ещё могу думать! Возможно, я обладатель беспрецедентного даже по вселенским меркам нейронного устройства, представитель единственного вида, который может думать, может смотреть этот только для него одного во всей Вселенной транслируемый мультик. Охренеть!  Да и вся реальность вокруг — это точно такие же возникающие посреди ничего мультики, которые вообще не должны возникать (а с какой такой радости), но почему то настойчиво изо дня день возникают, и ты уже и забыл этот первичный восторг от встречи с реальностью: а что это? А почему? А где?  И всё это невозможное непостижимое небывалое заполнено и подсвечено изнутри одной неугасающей нотой-осознанием: Я есть. Я — есть. Я есть! Слышите? Я ЕСТЬ! Ну не охренеть ли?;Другое
"Помните, я рассказывал про знакомую, которой два ""психотерапевта"" подряд сообщили, что виной её онкологии ОБИДА? Не думаю, что в этом есть необходимость, но сначала на всякий случай разберёмся, почему это галимая антинаучная брехня. 1?? Нет ни одного исследования, которое это подтверждало бы. То, что первому долбану, который это предположил, попалась пара обидчивых клиентов с онкологией, ещё не означает, что между обидой и онкологией есть причинно-следственная связь.  С тем же успехом я могу объявить, что подушки вызывают рак, потому что 100% больных раком хотя бы раз в жизни спали на подушке. Точно так же не существует ни одного человека, который никогда бы ни на кого не обижался. И поэтому почти всех больных онкологией можно притянуть за обиду. И даже, если они будут уверять вас, что ни на кого не обижаются, всегда можно сказать: – Так вы это просто не осознаёте, у вас это затаённая обида! А скрытая обида – вообще самая опасная. 2?? В перечне факторов, вызывающих рак – нет обиды. Но зато там есть стресс. Да, не на первом месте. И глупо полагать, что такое сложное состояние как онкология может быть вызвано одним единственным фактором, и стресс – это как правило лишь катализатор наследственной предрасположенности. Но тем не менее, стресс – может сказать своё слово.   – Ну вот, – скажете вы. А чем обида не стресс? Обида не равно стресс. Стресс (здесь речь про ""плохой"" стресс – дистресс) – может быть вызван какими угодно переживаниями и контекстами, необязательно обидой. А обида в свою очередь далеко не всегда выливается в хронический стресс.  3??Обиды на уровне физиологии не существует. Нет такого биологического состояния как ""обида"", которое задействует уникальные только на неё физиологические реакции. Например, некий набор гормонов, присущий только обиде. Организм не знает, что данное переживание – обида. Для него оно химически не отличается от любой другой негативной эмоции. И ""обида"" – это лишь слово, с помощью которого рациональные центры мозга уже потом интерпретируют этот опыт на основе социо-культурного контекста. Поэтому на первый взгляд непонятно, почему эти шарлатаны уцепились именно за обиду. Чем их не устроило, например, чувство вины? Или страх публичных выступлений? Просто рандом? Ан, нет, дорогие мои. Выбор на обиду пал не случайно. Это же не просто нейтральный стресс. А это спутник гнева, мстительности. То есть во многом морально порицаемое чувство. И вообще на обиженных воду возят. Обижаться – плохо. Ты делаешь что-то неправильное. А раз так, то значит ты САМ виноват в онкологии. Сам дурак, не надо было быть такой злыдней.  И вот это самое отвратительное в этом бреде. Стигматизация больных раком.  Перспектива сделать виновником болезни не наследственность и экологию, которые человек не выбирал, а его самого – крайне соблазнительна. Это следствие Иллюзии Справедливого Мира. Очень страшно жить в мире, где может прилететь ни за что. Где ты можешь быть порядочным семьянином, соблюдать все заповеди, не затаивать ни на кого обиду и всё равно умереть рака.  В мире, где кирпич может стукнуть по голове любого – жить невыносимо. Мир иррационального слепого кирпича. Поэтому всё-таки хочется верить, что кирпич разумен и самонаводится только на тех, кто его заслужил. И чтобы вы понимали, насколько это опасное заблуждение, закончу цитатой со страницы одного ""онко-психолога"". После того, как ей в комментах написали ""не морочьте людям голову"", она ответила: – У людей должно быть право выбора. А теперь подумайте между чем и чем, по мнению этой дамы, должен выбирать человек.";Другое
Как стать дедом Сегодня возможно такое: ложился спать пышущим молодостью и подающим надежды юношей, а проснулся дедом в прострации. До этого знаете ли всё было как-то более менее поступательно и линейно: пейджеры, мобильники, следом смартфоны. И технологичность смартфоны прибавляли довольно сдержано, по чуть-чуть дорабатывая производительность и пополняя библиотеку смайликов. Ничего сверхъестественного. Но стоило отрыть ящик ИИ-Пандоры – вот тут-то и рвануло. И мы даже не способны оценить, насколько рвануло и где мы будем через пару лет. Я говорю Филу, нашему моушн-дизайнеру, который внедряет нейронки нам в видео:  – Родненький, за нас за всех – следи за происходящим, не успеешь глазом моргнуть – и мы уже на задворках цивилизации. И как деды в поисках видео ползаем по стокам, когда его уже можно сгенерировать из текста.  Сгенерировать. Видео. Из текста. Посмотрите внизу, как это делает MovieGen, например. И это даже не столько вопрос конкурентоспособности. Это вопрос безопасности. Предупреждён – вооружён.  Раньше, когда у меня кто-то в переписке просил одолжить до получки, я отвечал: – А запиши-ка голосовое.  И ужасно гордился своей изобретательностью в противодействии мошенникам. А теперь даже если тебе человек наберёт по видеосвязи, это ещё не гарантия, что перед тобой твой кореш.;Другое
Ты ничего не можешь  И это осознание — высшая степень сближения со своим творческим Я.  Понимание, что никакой объем усилий и нажима не выдавит из тебя решение, идею или прочий интеллектуально-творческий продукт. Всё, что в твоих силах — дать себе необходимые знания, достаточно отдыха, окружить себя вещами, которые тебя вдохновляют.  И идея, решение, музыка, стихи, сценарий — вызреют и прорастут САМИ, как застенчивый дикий цветок. Если метафора цветка кажется вам чересчур романтичной, то знайте: вместо цветка здесь могла быть метафора эрекции или дефекации, которые тоже замечательно бьют в суть.  Никаким напряжением мысли и усилием воли вам не вытащить цветок из семени. Всё, что ты можешь — это лишь предоставить ему достаточно почвы, света, влаги и времени.  И не мешать. Если вместо полагающейся цветку леечки дождевой водицы и лопатки навоза, вы обрушите на него бочку слёз и КамАЗ дерьма — поверьте, лучше не станет.  Вы слишком стараетесь. Умение вовремя свалить работу на Вселенную – это тоже искусство ??;Другое
Как заставить всех тебя ненавидеть У вас такое бывает? Просыпаешься среди ночи и ищешь кружечку на захламлённом столе, чтобы увлажнить пересохшее горло.  Кружки может и не быть, но у тебя спросонья и в темноте всё подряд сходит за кружку. Вот ты потянулся к ней – а это оказалось недогрызанное с вечера яблоко. Ещё попытка – а это скомканная салфетка (её присутствие объясняется насморком, а не тем, о чём вы могли подумать!) Мозг по инерции продолжает ту же игру, что вёл минуту назад во сне. Создавая обстоятельства при малейшем ожидании этих обстоятельств. Ведь стоит во сне вспомнить, скажем, свою первую любовь – вот уже и она, явилась не запылилась. ??Так и ожидание кружки материализует кружку.  И на самом деле это уникально не только для сна. Это то, как мозг работает в принципе. Сначала предполагает и лепит образ на основе предположения, а уж только потом по мере поступления информации (например, визуальной)  дорабатывает образ.  Но если уточняющая информация по какой-то причине не поступает, то эти ожидания не развеиваются подобно утреннему туману или померещившейся кружке. Но становятся вашей реальностью. И галлюцинация не всегда обречена разбиться о скалы реальности. Очень часто реальность подстраивается под галлюцинацию.  Вы ведёте с кем-то беседу. Этот человек относится к вам абсолютно нейтрально. Но вы с чего то взяли, что он вас ненавидит.  И теперь в каждом слове собеседника вам мерещится пассивная агрессия, грязные намеки и лениво замаскированная неприязнь.  Вы делаете ответный выпад — слово за словом — и вот уже отношение собеседника к вам действительно портится, и галлюцинация каменеет окончательно.  Обычно мы занижаем достоинства другого человека. Это объяснимо с тз эволюции и теории игр – в условиях борьбы за ограниченные ресурсы цена ошибки в случае переоценивания нравственных качеств незнакомца, как правило выше, чем при недооценивании. В среднем лучше принять хорошего парня за негодяя, чем негодяя за хорошего парня и схлопотать камнем по затылку.  Но стратегии, которые эффективны для выживания на примитивном уровне, совсем необязательно оправдывают себя в играх в не-нулевой суммой: в современном переплетённом сложными взаимодействии социуме. Тут уже лучше подарить авансом доброе отношение говнюку, чем обидеть хорошего человека.  ??И возможно ваше доброе отношение и станет тем самым велосипедом, обретя который Печкин завяжет со вредностью.  И не забывайте про себя. К конце концов, есть большая разница, в каком мире вам жить: это мрачная, полная страданий пещера, где затаился безжалостный дракон, с которым нужно ежедневно биться насмерть.  Или всё-таки, даже если пещера – то вполне уютная, а если дракон, то такой, который только и ждёт, чтобы его приручили.  Оба подхода – истинны. И оба же – галлюцинации. Вам остаётся лишь выбрать, какая из галлюцинаций станет вашей реальностью сегодня.;Другое
Разрывая Сансару;Другое
Приветик! Музыка из выпуска, как обещал  ??Silly Timeless (музыка из финала)  Но этот раз в выпуске звучала не только авторская музыка моего сочинения, но и авторская музыка нашего моушн-дизайнера Сергея.  Представляете, какая у нас концентрация таланта на каждый кг команды ЧД!  Вот его композиции:  ??Interval ;Другое
??Interval (Slowed)  Остальные треки заброшу файлами в комментариях к этому посту. Наслаждайтесь ?? #ЧД_музыка;Другое
"Когда показываешь пальцем на Луну – дурак смотрит на палец?? Помните мысленный эксперимент про похищение инопланетянами из нового видео?  Кратко напомню. Каждую ночь, пока вы спите, вас похищают инопланетяне??, проводят над вами опыты, а на утро возвращают обратно. Всё это время вы находитесь в бессознанке, поэтому процедура проходит для вас незаметно. Перед началом опытов с вас снимается цифровая копия, чтобы в случае вашей внеплановой кончины инопланетяне могли бы распечатать на биопринтере вашего двойника и подсунуть его на Землю вместо вас.  Суть мысленного эксперимента продемонстрировать, что при определённых условиях ваша смерть может пройти незамеченной не только для вас (ведь, как известно, когда приходит смерть вас уже нет), но и для ваших близких, новорождённого двойника и вообще всего мира.  Это и есть Луна, на которую показывает палец. Показывать на неё, кстати, можно не только пальцем. Можно использовать указку, посох, банан, кабачок и другие продолговатые предметы, удобно помещающиеся в ладонь. Но уйма однотипных комментатариев под видео сосредоточились на пальце – художественных допущениях, без которых не обходится ни один мысленный эксперимент, и восклицали:  – ЗАЧЕМ ИНОПЛАНЕТЯНАМ ПРОВОДИТЬ ОПЫТЫ НАД ОРИГИНАЛОМ ЕСЛИ МОЖНО ПЫТАТЬ ДВОЙНИКА?!!! И в этом меня поражает, насколько легко фокус внимания людей сбивается на второстепенные поверхностные аспекты и заклинивается на них. Это не значит, что они прям-таки дураки, как гласит эпиграф поста. Я не хотел никого обзывать, просто из пословицы слов не выкинуть.  В оригинале между прочим, она звучит так: ""Когда мудрец показывает на Луну, дурак смотрит на палец"". Но мудреца я скромно опустил.  А ещё я уже позвонил на тарелку инопланетянам, и они мне всё объяснили: 1??Технология распечатки жрёт крайне много энергии.  2??Изучают они нас в динамике, поэтому и похищают каждую ночь: им важно отследить ежедневно накапливаемые в организме под воздействием Земной среды изменения. Поэтому пользовать одного двойника на протяжении нескольких ночей – не вариант.  3?? Что потом делать с клоном после опытов, если он, собака такая, выживет — тоже непонятно. Умерщвлять не позволяет этика.  А в конце, когда я немного разболтал брата по разуму, он стыдливо признался, что устраивают они на борту с нами не научные опыты, а оргии. А у них фетиш на свежепохищенных оригинальных землян. (Похищение, кстати, – обязательная часть программы, это своего рода прелюдия). Подойдёт и клон, но сначала он должен немного настояться в земной атмосфере.  P.S. Вообще уж, если доматываться до мысленного эксперимента, то по полной.  Значит оптимизация рабочего процесса у инопланетян комментаторам кажется неправдоподобной, а вот что у вас в спальне каждую ночь тусят гуманоиды – это нормально, это мы не возражаем. Технология молекулярного сканирования и биопринтер на летающей тарелке нас тоже не смущают.  Это как обрушиться с критикой на сказку про колобка единственно за то, что убегая от медведя, который способен развивать скорость до 60-80 км/ч, колобку пришлось бы гнать под сотку. Что запрещают правила дорожного движения для населённых пунктов.";Другое
"Это какая-то провокация просто.  Таких темпов просмотров и комментариев на канале не было НИКОГДА.  (Само видео постом выше, если пропустили) И это радостно, и грустно. Радостно, потому что даже «мёртвый» ютуб живее всех живых. Настолько это востребованный, удобный, любимый ресурс, что туда не зарастет народная тропа, какие бы препятствия на этой тропе нам ни чинили.  Грустно, потому что это в принципе всегда грустно, когда у тебя на глазах уничтожается что-то хорошее.  Радостно, потому что у меня невероятная аудитория. Спасибо, что отозвались на мою просьбу писать комментарии и репостить. Возможно, именно это стало тем решающим пинком, после которого видео покатилось в рекомендации. И конечно, спасибо, что ждали.  Мне кажется, если однажды я провалюсь в червоточину и вынырну спустя тысячи лет, первая фраза, которая меня встретит на Земле будет:  «Где видео, гад?""";Другое
"Здравствуйте. Новое видео.  Ничего лучше я не делал. Сценарий вынашивал уже года два. Ну и работа над роликом заняла сами знаете сколько.  Волнуюсь, как перед первым свиданием в жизни. Я не знаю, как буду встречен. Насколько много или мало моей аудитории осталось на Ютубе, после того как нас взялись с вами душить там. Но что-то мне подсказывает, что уж моя аудитория должна быть технически подкованной. Благодарю всех, кто ждал. Как всегда (хотя наверное немного жалостливей, чем обычно), прошу оставлять комментарии не под этим постом в тг, а именно на ютубе.  Я люблю читать вас и там, и там, но на ютубе комментарии длиннее пяти слов ещё и делают важное дело: помогают не утонуть новому видео в болоте и подталкивают его к звёздному небу. Кнопка ""поделиться видео"" тоже считывается ютубом как знак качества. Если вы одиноки ??– поделитесь видосом хотя бы с самим собой.  Всё, поехали https://youtu.be/6a60wkoYNto (??Музыка будет выложена через пару дней)";Другое
POV: тебя собираются казнить, но у твоего друга есть видео-доказательства твоей невиновности.  Когда он обнародует их, тебя гарантированно отпустят и ещё выплатят компенсацию в миллион долларов.  Казнь завтра, у друга ещё целый день, чтобы выложить видео.  Ты: фух, теперь я спасён. Друг сказал, что видео уже у него на компе, финишная прямая, вот-вот выложит.  Тем временем твой друг:;Другое
Закон серийности – доказательство матрицы?  В 2005 году гольфистка-любительница с расстояния 45 метров загнала мяч в лунку с первого удара. Это уже само по себе выдающееся событие. Но то, что произошло следом не вписывается даже в самые смелые букмекерские прогнозы.  Сразу после триумфального удара, её коллега, другая гольфистка, сделала ровно то же самое. Будто гольфийский бог, когда выдавал талончик на супер-удар не заметил, что карточки слиплись, и по недосмотру отслюнявил два вместо одного назначенного.  Закон серийности – это когда маловероятное событие не просто случается, но следом за ним каким-то немыслимым образом случается ещё одно такое же событие. И сразу понимаешь – что-то тут не чисто.  Вот сколько раз за год вас спрашивают дорогу? Ну если вы не заядлый зритель Даши-следопыта, то в среднем в диапазоне от 0 до 1, верно? По крайней мере у меня так. Либо спросили один раз, либо вообще не спросили. Однажды я вышел с Чуфурей на прогулку, и за время на нашего короткого путешествия в десятиминутный интервал мы выполнили шестилетнюю норму по наставлению заблудших душ. Сначала мужик потерял пункт выдачи, потом семья туристов искали монумент гриба, потом ещё кто-то улицу спрашивал.  Это была одна из первых совместных вылазок с Чуфурей в город, а поэтому теперь она наверное немножко загордилась.  — Мой папа — очень важный кот в городе, — так бы Чуня записала в дневнике, если бы вела его, – Без него другие коты не могут сделать ни шагу, как котята слепые тыркаются, ей богу.  Теперь она знала, чем я занимаюсь, когда выхожу из дома. Объясняется закон серийности двумя способами — выбирайте любой, какой вам больше нравится. ?????Научный:;Другое
Не успел я вчера дообнимать Чуню и завершить стрим, мне пришла от нашей художницы Ани такая картинка. Обессмерченное в красках мгновение вчерашнего стрима. Обычно подобной молниеносностью могут похвастаться только фото. Вжух! И мы с Чуней уже в jpg. Знаете, что в этой картинке особенного?  К технической и документальной стороне придираться не следует – например, у меня за спиной вместо папоротника внезапно выросла ёлка. В этой очаровательной недостоверности, когда мы принимаем предполагаемое и более вероятное за действительное, мне мерещится наше родство с нейросетями. Тут весь фокус в спонтанности и небрежности. Эта картинка – сто процентная иллюстрация даоского принципа У-ВЕЙ.  Принципа не-деяния. Когда ты позволяешь делу делаться самому. Не задаёшь лишних вопросов, не оцениваешь на предмет модности, востребованности, полезности, а доверяешься струящемуся сквозь тебя творческому импульсу, предоставляя своё тело в распоряжение Вселенной. У-вей выражается в том, что первые дубль/эскиз/идея – оказываются самыми честными, самыми милыми сердцу.  Китайские каллиграфы знают, что лучший и совершенный иероглиф, который выходит из под кисти мастера это – первый. Потому что отпечатывает наиболее свежее восприятие и позволяет ДАО проявиться наиболее полно. И даже если у мастера с похмелья дрогнула рука, и какой-нибудь крючок вышел не слишком опрятно – этот изъян принимается за совершенную форму. Потому что именно так хотело ДАО. Идеальней быть не может.  Кто мы такие, чтобы критиковать изгибы и краски цветов? Кто мы такие, чтобы советовать облаку поджаться или распрямиться, чтобы больше походить на облако?  И когда наши действия носят тот же спонтанный, неспланированный, бесцельный характер, то относятся к тому же роду, что и явления природы. И выпадают из категорий совершенный-несовершенный, правильный-ошибочный.  Как может неправильно и невпопад качаться ветка на ветру? Как может ребёнок неправильно засмеяться? Как можно облажаться в чихании*? (тут можно пошутить про диарею, но оставляю эту шутку на усмотрение читателя) Как можно написать неправильное стихотворение, если оно проросло сквозь меня само? И не было никого в этом процессе, кто мог бы ошибиться. Потому что никого не было вообще. Творите как чихайте. И тогда искренность и непринуждённость вашего творчества поставит его в один ряд с полевыми цветами и взмахами крыльев бабочки. *Кстати, некоторые даоские мудрецы использовали другой пример акта человеческой жизнедеятельности, когда можно ощутить связь с дао. Но мы заменим его на чихание.;Другое
Официально: выпуск готов.  Но пока я упоённо, не отвлекаясь на новости, делал видео, у нас окончательно стырили ютуб, и теперь возникли некоторые формальные проволочки, связанные с рекламой.  Не знаю, успеем ли мы их решить до конца года, но на нг каникулах видосом я вас (и себя) точно порадую.  По поводу деградации ютуба (деградирует на самом деле не ютуб, только тссс): не расстраивайтесь. Потому что мы и есть ютуб. Пока мы не деградировали сами, и мы – блогеры – продолжаем выкладывать видосы, а вы – зрители – продолжаете их смотреть, никуда ютуб не денется.  Если кто-то соскучился по регулярным постам здесь (напишите, пожалуйста, если соскучились, вы согреете моё остуженное декабрьскими ветрами сердечко) – тоже есть чем вас порадовать: выхожу из видео-запоя и возобновляю после небольшого перерыва.  К нг обязательно проведём стрим, чтоб мне под землю провалиться, чёрт подери. Денис безумен? Мнение эксперта Восхищаюсь её зеванием, это искусство;Другое
Однажды дьявол решил высосать радость из вашей жизни и послал на землю…. Фотоаппарат  А потом и вовсе запихнул его в телефон, чтобы вы точно никуда не делись с крючка.   В кругах свидетелей осознанности, стало модно считать, что фотография – от лукавого. Ну вот видели, что происходит на концертах? Люди смотрят на сцену не иначе как через экраны смартфонов. С тем же успехом могли бы и дома на диване сидеть.  И зная об этом пороке человечества, я сам испытывал некоторое чувство стыда, каждый раз, когда при виде прекрасного заката моя рука тянулась к смартфону.  Когда появились первые фотоаппараты, некоторые осмотрительные граждане с суеверным ужасом шарахались от этих новомодных преблуд. Потому что бытовало поверье, что фото-вспышка высасывает из вас частицу души.  Вот параноики, а? Хотя... А что если они правы? Что если каждая фотография заката и правда высасывает из него душу? Цвет. Насыщенность переживания. Ведь вместо того, чтобы заткнуться и наслаждаться, мы снова суетимся. Отнимаем радость у себя настоящего, лишь бы поделиться её суррогатом с собой из будущего.  Но сейчас я понимаю, что это не совсем так. ?????? Вот почему мы лелеем воспоминания? Потому что они служат единственным шатким мосточком к чумазому дворику из детства. Последней слабой ниточкой между нами и нашими любимыми, которых всё глубже с каждым днём поглощает вечность. Так страшно, что эта ниточка однажды выскользнет. Как они будут совсем одни-одинёшеньки в этой тьме?  Фотоаппарат – просто внешний модуль биологической памяти. Новый виток эволюции нашего мозга.  И фотографии заслуживают точно такого же трепетного отношения, как и воспоминания. Забывание — это в первую очередь не утрата воспоминаний. А затруднение доступа к ним. И порой достаточно лёгкого аромата, случайной строчки, смазанного фото, чтобы следом за устремившимся в пятки сердцем провалиться в червоточину времени.  Ах, если бы не старые фото, если бы не эти замечательные чудаки, которые зачем-то фоткали всё подряд, навлекая на себя несправедливое раздражение окружающих (у вас в компании есть такой, будьте к нему добрее!!!), сколько бы дорогих сердцу историй я бы утратил. И даже не подозревал бы, ЧТО я утратил.   Поэтому фотографировать, а потом смотреть фотографии – это наша базовая человеческая потребность. Как запоминать и вспоминать, узелок за узелком сплетая и расплетая себя.  А осознанность состоит НЕ в том, чтобы стойко противиться тяге сфоткать закат, насильно втискивая себя в настоящее. В конце концов, эти болезненные метания «а достаточно ли я осознанно наслаждаюсь моментом?», и выбивают вас из реальности. Секрет, как всегда, в срединном пути без завала в крайности. Одна фотография – станет вполне достаточной подмогой нашей бедной памяти. Одна фотография, по которой вы потом вырвите у небытия этот день, и как через маленький портал вернётесь на секундочку обратно.  Там вас встретит и бабушка на неизменном крылечке, и вислоухая собачка с мокрым носом, которую отец похоронил в лесу под берёзой, и маленький вы, триумфально предъявляющий вечности пузатый грибок. И вы не представляете, как они будут вам рады. ЧД;Другое
Знаете, что это? Это ЭФФЕКТ ПРОЖЕКТОРА. Такое когнитивное искажение, связанное с тем, что больше всего на свете мы зациклены на себе любимом. И нам кажется, что другие люди тоже... зациклены на нас. Хотя логически, конечно, следовало бы предположить, что другие, коль скоро мы все относимся к одному биологическому виду и росли в похожей среде, тоже будут фиксироваться каждый на себе любимом. Ну уж точно не нас. Об эффекте прожектора очень полезно помнить, например, если вы откладываете визит в спортзал, потому что стесняетесь других людей. Расслабьтесь. Никакого шквала внимания вам не грозит. Все слишком заняты собой. ЧД #напоминашка;Другое
Что такое Я? (разминаемся перед выпуском) Я – это мой номер телефона? Я – это мой нос? Я – это моя тревога?  С чего начинается Я? Люди, с которыми я вёл дискуссию на эту тему, обычно устанавливали два критерия, по которым должно проходить явление, чтобы они согласились включить его в своё Я. 1??Оно не должно подлежать замене Ну вот номер телефона – можно поменять. Но от этого вы не перестанете быть собою, верно? А значит номер телефона – это всё-таки не Я. Но тогда и ваш нос это тоже не вы. Вон люди отправляются на ринопластику и ничего. Никуда Я не девается.   А как насчёт тонн (без преувеличения!) отшелушившихся клеток эпителия? Десятки раз пересобранных на молекулярном уровне органов? Бесконечно сменяемых мыслей, чувств, представлений и постоянно обновляемых нейронных структур?  При таком подходе, ничто нельзя включить в ваше Я. Поздравляю, вас нет.  2??– Оно должно быть интегрировано в тело! Нож под ребром вас устроит?  2??.2 – Ну ладно, оно должно быть включено в процессы жизнедеятельности организма.  Воздух в вашей комнате? Румяный поросёночек, который не далее как вчера беззаботно хлебал комбикормовую кашицу, а теперь расщепляется на аминокислоты в вашем теле, чтобы стать трицепсом?  Водопроводные трубы вашего дома ничем не хуже вашего пищевода и клеточных мембран. Они выполняют ту же функцию транспортировки воды для поддержания жизнедеятельности, что и их биологические аналоги. А канализация – просто продолжение мочевыделительной системы и кишечника.  Про телефон как полноправный внешний кусочек вашего мозга я вообще молчу. Если на то пошло, то вся Вселенная со всеми её физическими константами и химическими взаимодействиями с самого начала и прямо сейчас не покладая рук трудится над созданием вашего Я. Представление, что Я отдельно, а Вселенная отдельно, что она – просто статичный фон для вашего героического профиля – недалёкая иллюзия. Вопрос о границах Я – не имеет смысла. Границ нет.  Как во сне вам казаться, что вы занимаете лишь определенную точку, и всё делится на две несопоставимо разные части – Я и НЕ-Я, и окружающие вас объекты и другие люди существуют независимо от вас, и разделение так несомненно, так очевидно... А потом вы просыпаетесь. ЧД;Другое
Михаил Добровольский — художник-документалист, исследующий повседневность современного города. В 2023 году во время резиденции в мастерских Музея «Гараж» он создал графическую серию, вдохновленную наблюдениями за рабочими ВДНХ и электриками, проводившими свет в подмосковных садоводствах. Художник фиксировал их труд без романтизации и снисходительности — просто как часть реальности. Работы Добровольского напоминают стоп-кадры события — динамичные, гротескные, с глитч-эффектами, которые художник сопровождает подробными авторскими описаниями. Например, полное название одной из работ цикла: «Дима залез на лестницу и находился на 25 ступени из 29, что по высоте соответствует расстоянию примерно 5м 97см (высота восстановлена по фотографии, согласно данным о похожей лестнице)». Из-за наложения нескольких силуэтов друг на друга персонажи становятся похожи на иероглифы или зависших в процессе загрузки героев игры. Лаконичный фон усиливает ощущение временности момента. Графика Добровольского из моей коллекции ??:  1. Раскопки окаменелых труб производились строительным ломом, который был вложен в руки в серых перчатках, 2023.;Другое
Еще весной по рекомендации друга прочитала замечательный роман америнского писателя Джонатана Франзена «Поправки», а сегодня наткнулась на его интервью и просто не могу не поделиться его цитатой о русской литературе: «Знaeте, если бы мне предложили выучить один язык на выбор, но при этом освоить его мгновенно, как по волшебству — что-нибудь вроде: «Загадай желание, и оно исполнится», — я бы выбрал русский, чтобы читать Toлстого, Достоевского, Чехова и Typгенева в opигинале. Это величайшая литература, эталон художественной прозы, да и драматургии, наверное.  То, как pacкрылся русский роман в XIX и в начале ХХ века… понимаете, русские писатели будто бы сумели воспользоваться абсолютно всеми возможностями, которые им были даны. После всего, что сделал Гоголь, практически тут же и почти одновременно появляются Толстой и Достоевский — как такое вообще возможно? Оба гиганты, оба разные абcoлютно, оба сочиняют лучшие романы из когда-либо написанных. А потом приходит Чexoв — и такой: «Чем бы мне здесь тоже заняться?» — и становится величайшим драматургом и coздает высшие образцы рассказа… Pyccкая литература — это самая прекрасная вещь на свете». Джонатан Франзен;Другое
Лайфхак от Dries Van Noten: берем шнурки, подвешиваем кольца и ракушки. Модное украшение готово.;Другое
Отель от Burberry  Креативный директор Burberry Дэниел Ли переосмысляет британские традиции — на этот раз в коллаборации с роскошным отелем The Newt в Сомерсете. Замечаю, что эстетика загородного отдыха захватывает все больше брендов! Так, Ли превратил территорию отеля в арт-пространство, где фирменный принт Burberry оживает в самых неожиданных формах.   Знаменитый узор бренда появился на шезлонгах у бассейна, зонтах, газонокосилках и даже на воздушном шаре, чтобы оценить задумку можно было с высоты птичьего полета! Только представьте отдых (и шоппинг от Burberry) в такой обстановке! Этот проект — ода неторопливой английской роскоши, где крокет, сады и послеобеденный чай встречаются с современным дизайном ??;Другое
В «Палатах» собрана огромная коллекция моих находок за несколько лет. У нас нет ничего случайного! Что-то особенное в каждом предмете ??;Другое
Подборка винтажных изделий Christofle с Аvito   Christofle — легендарный, мой любимый, французский дом роскошных столовых приборов. Изделия тяжелые, долговечные и невероятно красивые. «Я не настолько богат, чтобы покупать дешевые вещи» — так говаривал в свою бытность барон Ротшильд, и тут я с ним полностью согласна и абсолютно бескомпромиссна в выборе столового серебра! Именно поэтому эти приборы использую дома, на даче и в «Палатах»! На Avito можно найти настоящие сокровища Christofle — от столовых приборов до изысканных аксессуаров. Делюсь своими находками! • Подогрев для горячих блюд  • Шумовка • Вазочка GАLLIА • Кофейник • Десертная чаша;Другое
The Cut заговорили о тренде на монашество. Утверждают, что все больше женщин задумываются о фразе «уйти в монастырь» всерьез. Популярным образ жизни монахинь или monk mode стал на фоне установок про успешных успех, продуктивность и достигаторство. Многие теперь ищут покоя и поддержки. А устой жизни в монастырях с общими приемами пищи, садоводством и духовностью это как раз и обещает.  В запрещенной сети уже предлагают варианты дизайна помещений в стиле monk mode - с кроватью, стулом, столом, на котором лежат книги и базовые принадлежности. Никакого визуального шума и лишних вещей. В TikTok миллионы просмотров набирают видео римских монахинь, которые тихо мирно проводят дни, собирая цветы на берегу реки, выбирают пряжу и убираются в кельях.  В поп-культуре тренд поддерживают по своему. Пайпер Рэтлифф из «Белого Лотоса» мечтает провести год в буддийском монастыре. В And Just Like That Миранда восхищается спокойствием и стабильностью монахини Мэри. В книжных клубах стали популярны мемуары писательницы Кэтрин Колдстрим о двенадцатилетнем периоде жизни в монастыре. Уходить в монастырь The Cut все же не советуют, хотя считают идею очень заманчивой. Редактор, например, внедрила в свое расписание уход за растениями и посещение святынь. Вот вам и монастыринг.;Другое
Il Viaggio Di Nettuno или «Путешествие Нептуна»  Одна из лучших коллабораций ever: мастерская Ginori 1735 и Люк Эдвард Холл, английский художник, чьим инстаграмом вдохновляюсь уже много лет!  Будучи большим поклонником античной культуры, винтажа и цвета, Холл создал яркую запоминающуюся коллекцию! На мой взгляд, она супер летняя и вдохновляющая! Коллекция называется Il viaggio di Nettuno («Путешествие Нептуна»). Дизайн охватывает много движения и ярких цветов: персонажи покоряют водную стихию на морских коньках и дельфинах. «В процессе работы над коллекцией, я представлял себе магическое путешествие по морским глубинам», — говорит Люк, я же просто мечтаю о прекращении дождей и о московском солнце!  Буквально две недели назад разбилась моя любимая утренняя чашка из этой коллекции, может, это был знак присмотреться к новым изделиям?;Другое
А вот вариант, если у вас нет формы. Легко экспериментировать в такой технике многослойности — могут получиться симпатичные цветы. Достаточно хорошо охладить масло и дать волю фантазии.  30 секунд, которые сделают вашу повседневность красивее ??;Другое
Скульптурное масло  Уже какой сезон наблюдаю и использую этот тренд — трюк с маслом. Превращение обыденного в торжественное. Как красиво!  Масло нужно сначала нагреть, размягчить, а затем поместить в подходящую форму и охладить в морозильной камере. Для «Палат» в свое время покупала на Ozon силиконовые формы «Мадлен» и древнегреческие колонны!  Хочу теперь попробовать сделать с ракушками, на большие формы меня точно не хватит!;Другое
В августе уже традиционно собираюсь в Зальцбург на фестиваль через Париж, собираю себе культурную программу, и уже какой день залипаю на это видео… Несмотря на противоречивые отзывы, все же надеюсь сама составить мнение о «тарелках» в фонде Пино!  Инсталляция основана на взаимодействии воды и звука и называется clinamen, автор, французский художник и композитор Селест Бурсье-Муаньо, превращает случайность в искусство. В центре ротонды установлен круглый бассейн диаметром 18 метров. По его поверхности движутся свыше двух сотен белых фарфоровых чаш, которые сталкиваются друг с другом и создают акустический рисунок. Благодаря слабому течению внутри бассейна объекты продолжают перемещаться, и звучание каждый раз складывается по-новому.;Другое
Игристое и редиска Уже какой год самая популярная закуска под шампанское в нашем доме — это поджаренный хлеб, паштет и редис!  Недавно узнала, что это не современное веяние, а разработка аж 1970-х годов! Тогда закусывать шампанское редисом предложил французский энолог Жак Пюизе. Он обратил внимание на сходство во вкусе: растение сглаживает колкость напитка и добавляет пикантности. По-моему, это идеальная пара на лето, в этом году даже случилась попытка вырастить редис у себя на даче. Попытка провальная, но я не теряю надежды ??;Другое
Сад, ностальгия, наследие. Чудесный кампэйн Jacquemus Le Paysan и комментарий к нему: «С помощью этих образов из памяти моей семьи я хотел отдать дань уважения прошлому, чтобы создать что-то новое для будущего»;Другое
От традиции к новизне: как переосмысляют серебро Есть что-то особенное в том, чтобы менять свое отношение к повседневности — и обращать внимание на детали. Посмотрите, как могут выглядеть столовые приборы, если добавить немного искусства! ?? Делюсь историей о том, как могут вдохновлять обстоятельства:  Хит Вагонер, который работал консультантом по визуальному маркетингу в Tiffany & Co., начал изготавливать серебряные столовые приборы во время карантина. Ему не хватало традиционных обедов с друзьями, поэтому он перенес их в виртуальное пространство: стал делать серебряные, латунные и медные ложки и вилки в стиле средневековья и выкладывать их в соцсети. Восторженный отклик даже убедил его запустить полноценную линейку! Приборы действительно очень красивы, а зная историю их создания — от традиции к ценной идее — хочется рассматривать еще внимательнее.;Другое
Сет-дизайн: земляника и мороженое Лето создает идеальные декорации для сладких моментов — и даже простые дуэты могут смотреться на столе акцентно и ярко. Мне больше нравится вариант с мороженым в стаканчике — отсылает к детству.  Сервировка земляники с мороженым не требует сложного дизайна — идеально, если у тарелки синяя или голубая роспись. Желаю даже в такую дождливую погоду ловить настоящее летнее настроение — воздушное и непринужденное ??;Другое
#представьтесебе  после реставрации открыли Домик Петра I в «Коломенском». Можно побывать в кабинете, почивальне и столовой царя, изучив запасы его чуланца. Памятник — 1702 года, собрали сотню экспонатов из эпохи.  Создали их тактильные копии для детских программ. Через них и морские игры юные посетители знакомятся с моделями кораблей петровского флота, тренируются в завязывании старинных морских узлов и исследуют предметы искусства и быта XVII — XIX веков. На заметку «ку-ку киндеру»;Другое
Доброе утро! Какая чудесная интеграция парфюмерного дома Penhaligon’s - Afternoon tea с Ричардом Э.Грантом и Келли Разерфорд! 100 процентное попадание в ДНК бренда, которое отражает британскую историю, аристократизм и культуру ??;Другое
Находки для коллекции с Avito На своем курсе «Культура повседневности за столом» в «Палатах» я всегда искреннее говорю, что начать коллекцию можно с малых, неочевидных вещей. Иногда именно такие эффектные мелочи создают настроение. Делюсь редкими находками с Avito! • Щипцы Cailar Bayard — выглядят роскошно, резные щипцы для спаржи (а сейчас самый сезон);Другое
Анонсируем осенний сезон в «Палатах» заранее — с возможностью приобрести early-bird билеты на наши курсы до 1 июля!  В новом сезоне мы вновь обращаемся к теме движения к себе — открытия новых граней и создания мира внутри своего дома и за его пределами. Первыми курсами станут «Дар голоса» — по ораторскому искусству, и «Культура повседневности за столом» — по этикету, сет-дизайну, истории знаковых мануфактур.  Традиционная для «Палат» тема балета будет звучать ближе к Новому году — в преддверии знаковых постановок в Большом и не только.  Отдельно анонсирована и детская программа. Формируем культуру повседневности с детства ?? Вторая часть анонсов осеннего сезона — в июле ??;Другое
Планы на день: посетить международную научную конференцию, посвященную трапезе в истории Европы и Азии и поздравить дорогую Ксению  Маркову с Днём Рождения ?? Ниже ссылка на трансляцию: https://www.kreml.ru/research/conferences-and-seminars014kp/trapeza-v-istorii-evropy-i-azii--iskusstvo--traditsii--kulturnoe-prostranstvo/;Другое
Сегодня вышел тизер подкаста Aspire с Меган Маркл в качестве гостя, уже вижу разные  комментарии по отношению в жене принца Гарри! Ну а мы же с вами разберем столовый буфет: желтый чайный сервиз Oriente Italiano от итальянской фарфоровой мануфактуры Ginori 1735 ?? Узнать изделия этого бренда можно по средиземноморским визуальным мотивам и контрастным сочетаниям. Здесь — желтый и темно-синий. В кадре чайные пары сервированы с чайными ложками от французского бренда Sabre Paris. Спорная для меня комбинация, хотя приборы эти люблю!;Другое
Актуальные тренды: культурный след «Палат» Почти половина 2025-ого года позади — мне, как человеку рефлексирующему, захотелось подвести небольшие итоги этих месяцев, и я окунулась в изучение исследований об актуальных культурных трендах. Я привыкла охватывать большое количество информации, жить в движении и постоянном развитии. Со временем социальных ролей становится все больше: я и куратор проектов, и мама — и в современном шуме именно ритуалы повседневности помогают найти гармонию.  Актуальные тренды говорят о том же — вот, что привлекает людей сегодня: • Digital-аскеза: осознанное ограничение экранного времени как новый вид роскоши. Обращение к офлайну как к новому источнику вдохновения. • Церемонизация повседневных действий: эстетическое внимание к маленьким повседневным ритуалам, которые наполняют жизнь удовольствием. • Сообщества по интересам за пределами интернета: встречи вживую, глаза в глаза, без цифрового следа. Меня поразило, что все то, что актуально сегодня, мы вплели в ДНК «Палат» интуитивно, еще несколько лет назад. Тогда это было обращение к собственному опыту, отклик изнутри — ведь в моменты, когда всего становится слишком много, я сама неосознанно делаю выбор в пользу ритуалов умиротворения: будь то занятия сервировкой или уход за садом. Все, что касается «Палат», — для меня освобождение и ответ на вопрос, почему и как они родились. А сегодня еще и отзыв на информационное поле мира, в котором мы живем.;Другое
Сегодня у Жени Мельниковой, директора по связям с прессой Prada и Miu Miu, последний рабочий день (офис Prada в очень ограниченном режиме продолжает работу в России).  Женя проработала на этой должности 11,5 лет, а до этого 3,5 – в Louis Vuitton. Не охота вставать на тонкий лед обсуждений, кто что придумывал – штаб-квартира или локальный офис, но знаковых проектов в резюме Мельниковой немало – и Prada Mode by Дэмиан Херст в особняке Левинсона, и открытие бутиков Prada и Miu в ГУМе, и Miu Miu Club в Демзале ГУМа. Сколько самых стильных звезд было взято под крыло – включая Андрея Звягинцева на Оскаре (причем дважды). Короче, опыт в люксе колоссальный.  Женя была воплощением той самой Prada Girl. По долгу службы  слегка в тени, чтобы не затмить собой “продукт”, но в то же время всегда с индивидуальностью, ярко. А еще Женя веселая, живая, обожает танцевать под Виталика Козака и даже играет с ним диджей-сеты в Париже.  Короче, хороший человек отправляется в свободное плавание по увлекательным волнам новой жизни. Жене удачи!;Другое
Сет-дизайн: фрукты и овощи  Нравится, как акцентно на столе смотрятся свежие фрукты и овощи — вдохновение в сет-дизайне для тех, кто особенно ценит простоту и разделяет тренд на естественность. Здесь разнообразие форм, цветов и размеров, которого не надо достигать множеством приборов или причудливой посудой, — невольно задумываешься о том, что (осознанно или интуитивно) мы всегда вдохновляемся природой. Приятно рассматривать кадры таких сервировок и создавать что-то свое: в атмосфере города или на даче ??;Другое
Виш-лист на лето от THE CULTT Выходные в Нижнем Новгороде я провела в компании прекрасных визионеров РБК, основательниц платформы для ресейла культовых вещей THE CULTT. Товары проходят строгую селекцию, поэтому качество самое высокое (знаю не понаслышке, сама давала вторую жизнь некоторым своим вещам). Собрала подборку летних хотелок — делюсь находками! • Босоножки Gianvito Rossi  • Сумка Celine Triomphe • Солнцезащитные очки Bottega Veneta • Сумка Alaia Le C?ur • Аксессуар для волос Celine Hairpin • Сумка Loewe Raffia • Сандалии Chanel • Сандалии Hermes • Клипсы Chanel;Другое
Уже вернулась домой, но Нижний Новгород теперь навсегда в моем сердце: люди, закаты, узкие исторические улочки и, конечно, виды!  Несмотря на плотную занятость, все же удалось послушать многие дискуссии из насыщенной программы. Самой милой моему сердцу стала сессия по цифровой безопасности, в которой принимали участие дети. Кстати, на нашем большом курсе по этикету для детей в «Палатах» мы тоже уделяем время этой важной теме. По сути, основы цифрового этикета формируются нами сегодня — и радостно, что ЦИПР поднимает ее на таком уровне. Обязательно вернусь в ближайшее время, чтобы поближе познакомиться с нижегородскими институциями современного искусства. В эту поездку удалось посмотреть только выставки «Зона пчел» и «Кожа земли», которые проходят в рамках экологической Биеннале, и заглянуть в гости к «визионерам» РБК — в галерею «Тихая». Ниже делюсь подборкой нижегородских галерей современного искусства ?? и скоро будет гастро-подборка!;Другое
Второй день на конференции ЦИПР получился насыщенным — продолжается программа Tech Week. CIPR Tech Week — это технологический фестиваль в рамках которого проходят сессии, public talk и многое другое на разных локациях города. Представители бизнеса и разных креативных индустрий рассказывают о том, как меняется профессиональная среда с приходом новых технологий и общей цифровизации. Конференцию ЦИПР открыла сооснователь и директор ЦИПР Ольга Пивень. Побывали на сессии «Цифровой мир глазами альфы. Как технологии меняют детство», которую модерировала Ирина Ефимова, генеральный директор, ОМГ, организатор конференции ЦИПР. На Tech Week слушали глобальные неи?росетевые тренды и то, как ИИ применяется в различных отраслях жизни в России. Говорили не только о технологиях, но и об их последствиях — например, сегодня, на лекции «Как бороться за внимание в эпоху цифровой усталости» Дмитрия Бескромного и на интерактиве как распознавать медиа манипуляции с Юлей Городничевой ?? И очень мне нравится, что при этом главным героем остается сам город, с его историей и ритмом жизни! Нижний и правда место притяжения! Обязательно сделаю подборку, куда сходить здесь! Наш выезд организовывает Ольга Свичинская и ее коммуникационное агентство AGNC — они внимательны к нам, как к детям. И как здорово, что программа такая разноплановая — успеваем и обрести новые знания, и отдохнуть в красивой обстановке ??;Другое
Куда сходить: первая международная Биеннале экологического искусства в Нижнем Новгороде Сегодня приехала на конференцию ЦИПР — в программе увидела экскурсию на Первую международную Биеннале экологического искусства. Это большой многожанровый проект о взаимоотношениях человека и природы, который можно посетить до 1 октября. Инсталляции, видео-арт, фотография, живописные, графические и скульптурные работы, — результат синергии, сотрудничества и сотворчества. Участвуют более 70 современных художников из разных стран мира.  Мне по душе элемент объединения, ведь основная задача Биеннале — обозначить экологию как главную и сплочающую тему современности. Как говорил Лев Николаевич Толстой: «Умиление и восторг, которые мы испытываем от созерцания природы, — это воспоминание о том времени, когда мы были животными, деревьями, цветами, землей. Точнее: это — сознание единства со всем, скрываемое от нас временем».;Другое
"Вот такие сообщения каждый день получают родители детей нашего лагеря и я одна из них ?? Добрый вечер, дорогие родители! Вот и завершился второй день нашего прекрасного лагеря.  Утром ребята окунулись в мир театрального искусства: тренировали внимание, отправляли комплименты друг другу, изучали культуру Древней Греции и даже разучивали греческий танец. Особое внимание уделили эмоциям, ведь настоящий актер должен знать и понимать их! В перерыве дети снова самостоятельно накрывали стол: распределили между собой обязанности, и каждый ответственно следил за своей зоной.  После театральной мастерской мы вновь отправились во дворик «Палат», где проходили подвижные игры и танцы. Далее мы продолжили изучать столовый этикет. И каждый заполнил свою персональную карту правил.  А после обеда мы организовали Киноклуб: смотрели мультфильм ""Головоломка"", который помог закрепить знания об эмоциях.   Завершился наш день мастер-классом по сценографии.  Дети познакомились с творческой профессией художника-сценографа и начали создавать своими руками элементы декораций для показа. Всем хорошего вечера! Ждем ребят завтра с новыми силами! ??";Другое
Летний благотворительный маркет «Дом с маяком х Брикет» Люблю начало лета за важные поводы помнить о добром — 7 и 8 июня состоится благотворительный маркет в поддержку детского хосписа «Дом с маяком».   Событие уже стало хорошей традицией. Например, в прошлом году на двух маркетах в пространстве «Брикет» собрали более 4 млн рублей, которые пошли на помощь тяжелобольным детям и взрослым.  Бренды и звездные друзья «Дома с маяком» ежегодно делятся своими вещами. Так же и в этот раз: за пожертвования можно будет забрать одежду, аксессуары и товары для дома. А еще некоторые актеры, исполнители и блогеры попробуют себя в роли бариста и продавцов и сами встанут за прилавки фуд-корнеров «Брикет Маркета». Приглашаю делать добро вместе ?? Когда: 7 и 8 июня  Где: пространство фуд-корта «Брикет Маркет» на 5-м этаже Универмага «Цветной»;Другое
Как говорить с детьми о культуре  Писатель Константин Паустовский считал: «Сердце, воображение и разум — вот та среда, где зарождается то, что мы называем культурой». То, что способно воспитать этически и эстетически, хочется привить детям как можно раньше, но как сделать это действительно увлекательно? Начните с простых вещей  Расскажите детям о маленьких традициях вашей семьи или региона. Это помогает ощутить связь поколений и пробуждает интерес к собственной культурной идентичности. Читайте сказки Русские народные сказки, былины и мифы открывают окно в мир культуры наших предков. Они учат мудрости, добру и справедливости, помогают развивать воображение и чувство прекрасного. А сколько нарративов они найдут после — в литературе, опере и балете. Чудесная связь всего со всем в искусстве. Общайтесь через музыку Включайте классику (например, Чайковского) или слушайте русские романсы вместе. Не забудьте обсудить впечатления после — какие части произведения вызвали чувства? Какие?  Посещайте музеи и театры вместе.  Для детей это возможность увидеть искусство своими и вашими глазами и проникнуться атмосферой прошлого — особенно если выбирать исторические здания и классические сюжеты. А мои Коля, Маша и Саша после посещения театров стали делать свой, домашний театр — прекрасный способ провести время вместе, а еще самим побывать в роли актеров, режиссеров и сценаристов. Мы такой практикуем и в «Палатах» в летнем лагере. Первая смена уже на следующей неделе, а вторая — в июле.;Другое
